Nom de famille;Nom de fournisseur;Nom de produit;Date ANDEVA;Date INRS;info date (1,2,3,4,5,6,7,8);Type d'amiante;Type d'utilisation;Nouveau nom
Enduits;COPRIS-ISOLATION SA ET ISOMACO; COPRISPRAY;;;;;;
Enduits;CIDE;CRIDOFEU FA;;12/1977;3;Amiant;Enduit;
Enduits;SEPREBA;FIBROCOAT;;03/1981;3;Amiante;Enduit;
Enduits;ISOPHONE MARQUISE;ISIPHONE IG ET IT;11/1980;;;;;
Enduits;PREFABRICATION MODERNE;KAPPA CL;;;;;;
Enduits;STE PATOURET DUBOIS et FILS;RESISTOFEU;03/1988;;;;;
Enduits de façade;CHIMIE DU BATIMENT;BETENDUIT SPECIAL JOINTS;03/1994;;1;Amiante;Joint béton;
Enduits de façade;SUISSE; KENITEX;;;;;;
Enduits de façade;MIPLACOL;PARMUR FILLING;11/1980;;3;Amiante;Enduit;
Enduits de façade;UNITECTA-FRANCE;VICRIL G;;;;;;
Enduits-plâtre de protection incendie;CFPI;ENDUIT 1000;02/1988;;1;Amiante;Enduit;
Enduits-plâtre de protection incendie;LAMBERT INDUSTRIES;PROGYPSOL;1985;;5;Chrysotile;Plâtre;
Enduits-plâtre de protection incendie;LAMBERT INDUSTRIES;LUTECE PROGYPSOL;1985;;5;Chrysotile;Plâtre;
Mortiers colles;;PHILPLUG;;;;;;
Mortiers colles;;POLYPLUG;environ 1992;;;;;
Mortiers colles;;SCOREI;;;;;;
Mortiers colles;CAPEBOARD;SUPALUX S;;;;;;
Mortiers colles;ETUDES ET PROMOTION DE L'ISOLATION DU BATIMENT;XTHERM-MORTIER TX 3;;09/1981;3;Chrysotile;Colle;
Mortiers de protection incendie;MIPLACOL;MORTIER ISOTECT;03/1980;;3;Amiante;Isolation thermique;
Mortiers réfractaires;PIROBOW (GB);PYROTHERM TYPE 1;;;;;;
Poudre à mouler;VYNICOLIT NV;VYNICOLIT 813.10.00 BLACK;;01/1996;3;Amiante;Poudre à mouler;
Colles;CFPI;ADHESIF 81-33;12/1980;;1;Amiante;Adhésif;
Colles;CFPI;ADHESIF 81-93;04/1976;;1;Amiante;Adhésif;
Colles;CFPI;ADHESIF FIBRE 81-27;03/1986;;1;Amiante;Adhésif;
Colles;SEA;ADHESIGLUE S;1987;;2;Amiante;Adhésif;
Colles;EMFI;CALITHAN;11/1994;;1;Chrysotile;Colle;
Colles;KLEIBERIT CHIMIE;COLLE 596.8.A;1985;;3;Amiante;Colle;
Colles;KLEBERITCHIMIE;COLLE 596 8 A;;;;;;
Colles;EMFROCKWOOLISOLATION;COLLE RW 302;;;;;;
Colles;R SA;COLLE FIXOCLIPS;06/1982;;3;Amiante;Colle;
Colles;CFPI;ELEASTOLAR;;;;;;
Colles;ROUSSELOT SA;FIXOCLIPS;;;;;;
Colles;CFPI;FLEXTRA;06/1988;;1;Amiante;;
Colles;CFPI;FOAMSEAL;;;;;;
Colles;BITULAC;GELEPOX BI;;1987;5;Chrysotile;;
Colles;SEA;GENTIA DALLE;1987;07/1980;;;;
Colles;SOPAP;ISOCOL COLLE PU 403;07/1980;08/1983;;;;
Colles;EMFI;ISOLEMFI 5801/01 MONO;08/1983;;;;;
Colles;EMFI;ISOLEMFI 50020 A MONO;07/1995;;;;;
Colles;EMFI;ISOLEMFI S 35;02/1996;;;;;
Colles;CFPI;LAGTONE;04/1993;;;;;
Colles;BASF AG;METBLOND 328 et 329;01/1993;;7;Amiante;Adhésif;
Colles;CFPI;MONOLAR;;;;;;
Colles;EMFI;ORDOCOL PU ASSEMBLAGE;04/1993;;1;Chrysotile;Colle;
Colles;EMFI;ROCKWOOL RW 301;07/1995;;1;Chrysotile;Colle;
Colles;EMFI;ROCKWOOL ISOLATION;02/1996;;1;Chrysotile;Colle;
Colles;EMFI;ROCKWOOL RW 302;02/1996;;1;Chrysotile;Colle;
Colles;CFPI;SEALANT;;;;;;
Colles;CFPI;SEALFAS;;;;;;
Colles;CFPI;STECAD;;;;;;
Colles;CECA;TOPFIX NA 62;05/1989;;;;;
Enduits;CHIMIE DU BATIMENT;BENTENDUIT;;;;;;
Enduits;BITULAC;BITUSEALAC;;;;;;
Enduits;EMFI SA;ETILANE;;;;;;
Enduits;SEPREBA;FIBROCOAT;03/1981;;;;;
Enduits;GEB;FILGUM;05/1991;;1;Amiante;Enduit/Mastic;
Enduits;GEB;FILGUM AF;05/1991;;4;Amiante;Enduit/Mastic;
Enduits;GEB;CORDON;05/1991;;4;Amiante;Enduit/Mastic;
Enduits;GEB;GLASTOL;05/1991;;1;Amiante;Enduit/Mastic;
Enduits;SEPREBA;RAGRECOAT;03/1981;;3;Amiante;Enduit;
Enduits;CAOUTCHOUC D'ARGENTEUIL;RAINEX 407;07/1994;;3;Amiante;;
Enduits;CFPI;REVETEMENT 036;12/1977;;5;Amiante;;
Enduits;GEB;TOITUROL;05/1991;;1;Amiante;Enduit/Mastic;
Mastics;GEB;CALORIGEB;05/1991;;1;Amiante;Mastic;
Mastics;GEB;CORDON;05/1991;;;;;
Mastics;TREMCO;CWS;06/1994;;1;Chrysotile;Mastic;
Mastics;CFPI;ELASTOLAR 95-44;06/1981;;4;Amiante;;
Mastics;CFPI;ELASTOLAR 95-49;06/1982;;4;Amiante;;
Mastics;TREMCO;FIBERMAT;;;;;;
Mastics;GEB;FILGUM;05/1991;;;;;
Mastics;GEB;FILGUM AF;05/1991;;;;;
Mastics;GEB;FIRESEAL;03/1996;;3;Chrysotile;Tresse;
Mastics;GEB;GLASTOL;;;;;;
Mastics;SAIM;IMPERMastic 1521;05/1991;1990;;;;
Mastics;CFPI;Mastic 60-25;06/1990;;1;Amiante;Mastic;
Mastics;CFPI;Mastic 60-26;06/1990;;4;Amiante;Mastic;
Mastics;CFPI;Mastic 60-30;06/1990;;5;Amiante;Mastic;
Mastics;CFPI;Mastic 60-42;05/1990;;5;Amiante;Mastic;
Mastics;CFPI;Mastic 60-75;03/1987;;1;Amiante;Mastic;
Mastics;CFPI;Mastic 65-05;03/1988;;1;Amiante;Mastic;
Mastics;CFPI;Mastic 65-06;07/1988;;1;Amiante;Mastic;
Mastics;CFPI;Mastic 65-07;10/1980;;1;Amiante;Mastic;
Mastics;CFPI;Mastic 65-15;07/1988;;5;Amiante;Mastic;
Mastics;CFPI;Mastic 90-07;05/1990;;1;Amiante;Mastic;
Mastics;CFPI;Mastic 90-10;11/1981;;1;Amiante;Mastic;
Mastics;BITULAC;Mastic E2RS;environ 1990;;5;Chrysotile;Mastic;
Mastics;ISOFRA;MASTIK IK 14;1995;;1;Aminate;Mastic;
Mastics;3M;Mastic METAL SCOTCH-SEAL 800;environ 1992;;3;Amiante;Mastic;
Mastics;RENAULT;Mastic PARE-BRISE ET SOUDURE PARPOINTS;09/1981;;3;Amiante;Mastic;
Mastics;BITULAC;Mastic POXETAR BT;09/1996;;1;Chrysotile;Mastic;
Mastics;BITULAC;BTL;09/1996;;1;Chrysotile;Mastic;
Mastics;BITULAC;MASTILATEX M;1994;;1;Chrysotile;;
Mastics;BITULAC;MASTILATEX P;1994;;1;Chrysotile;;
Mastics;TREMCO;MONO;1995;12/1989;;;;
Mastics;TREMCO;PENUFELT;12/1989;06/1994;;;;
Mastics;PERENNATORWERK;PEVIT HP PARTIE A;;04/1983;3;Amiante;Mastic;
Mastics;PERENNATOR;PEVIT HP PARTIE A;;;;;;
Mastics;TREMCO;POLYROOF;;12/1991;1;Chrysotile;Mastic bitume;
Mastics;TREMCO;POLYSHIM;;12/1991;1;Chrysotile;Cordon;
Mastics;LE JOINT FRANCAIS;PR 1403 GA;04/1983;;8;;;PR 1403 GA NA
Mastics;LE JOINT FRANCAIS;PR 1403 GB;04/1983;;8;;;PR 1403 GB NA
Mastics;LE JOINT FRANCAIS;PR 1422 A;05/1994;;;;;
Mastics;LE JOINT FRANCAIS;PR 1422 B;05/1994;;;;;
Mastics;LE JOINT FRANCAIS;PR 1425 B;05/1994;;8;;;PR 1425 B NA
Mastics;LE JOINT FRANCAIS;PR 1435;05/1994;;8;;;PR 1435 NA
Mastics;LE JOINT FRANCAIS;PR 1436 GA;05/1994;;8;;;PR 1436 GA NA
Mastics;LE JOINT FRANCAIS;PR 1436 GB;05/1994;;8;;;PR 1436 GB NA
Mastics;CFPI;SEALANT J 304;environ 1993;;1;Amiante;;
Mastics;CFPI;SEALER 30-43;03/1987;;1;Amiante;;
Mastics;CFPI;SEALFAS GPM 45-00;10/1988;;7;Amiante;;
Mastics;CFPI;SEALFAS GPM 4500 W;05/1977;;1;Amiante;;
Mastics;CFPI;SEALFAS MAST 41-99;12/1990;;1;Amiante;;
Mastics;TREMCO;SEAMSEALER;02/1988;;7;Chrysotile;Mastic;
Mastics;BITULAC;SILENCE MARINE;06/1994;;5;Chrysotile;;
Mastics;BITULAC;SILENCE STANDARD;1994;;1;Chrysotile;;
Mastics;BITULAC;SILENCE STANDARD A 15;1995;;5;Chrysotile;;
Mastics;TREMCO;TREMSHIELS BUTYL;;06/1994;7;Chrysotile;Mastic;
Mastics;TREMCO;TRUBUTYL;06/1994;;1;Chrysotile;Mastic;
Mastics;TREMCO;TRUBYTIL;;;;;;
Mastics;PERENNATORWERK;TX 20001 S;06/1994;;;;;
Mastics;PERENNATOR;TX 2001 S;06/1979;;3;Amiante;Mastic;
Mastics;FERLAM ET PATOURET-DUBOIS et FILS;LITAFLEX;;;;;;
Mastics;FERLAM;LITATHERM;12/1975;;3;Amiante;Isolant thermique;
Pâte à joint;CFPI;FOAMSEL 30-45;02/1988;;1;Amiante;;
Pâte à joint;FLERTEX;PLASTEX;09/1990;;;;;
Pâte à joint;REINZ;REINZ SUPER SPEZIAL;1993;;7;Amiante;Materiau pour joints;
Peintures;CHEMOYE FRANCE;FILLER COAT BINDER 900-15;04/1984;;3;Amiante;;
Peintures;GREGGORY;FLEXIROC HURON I RH 168;03/1985;;3;Amiante;;
Peintures;GREGGORY;MAC GREGOR FLASH I RH 231;05/1985;;3;Amiante;;
Peintures;GREGGORY;MAC GREGOR MISSOURI I RH 250;06/1986;;3;Amiante;;
Peintures;BITUMastic;PEINTURES 54 S;environ 1991;;1;Amiante;Peinture;
Peintures;GREGGORY;PEINTURE BLANCHE IRH 144;01/1984;;3;Amiante;Peinture;
Peintures;BITULAC;TARPOX 160 km;;;;;;
Cartons;DFC;ANR 00 A;1996;;;Chrysotile;Isolant thermique;
Cartons;DFC;ANZ 00 A GRIS;1996;;;Chrysotile;Isolant thermique;
Cartons;DFC;ATR 00 A;1996;;;Chrysotile;Isolant thermique;
Cartons;FERLAM;DECOR DE LUXE;12/1975;;3;Amiante;Isolant thermique;
Cartons;DFC;DURESTOS;1996;;;Chrysotile;Isolant thermique;
Cartons;COMM. D'EXP. INDUS;DURESTOS RA 1;12/1995;;7;Chrysotile;;
Cartons;COMM. D'EXP. INDUS;DURESTOS RA 16;12/1995;;7;Chrysotile;;
Cartons;FERODO;ONDULAM;;;;;;
Cartons;PATURET-DUBOIS et FILS;PADUFLON;;;;;;
Cartons;PATURET-DUBOIS et FILS;PADUSOL;;;;;;
Cartons;PATURET-DUBOIS et FILS;PADUTEX;;;;;;
Cloisons;SGEI;PLACOFLAM;;;;;;
Coquilles;JOHNS-MANVILLE;FIBROSILEX;;;6;Amiante;Isolant thermique;
Coquilles;FERODO;ISOLFORT;;;;;;
Coquilles;FERODO;ISOLVIT;;;;;;
Coquilles;JOHNS MANVILLE;SUPEREX;;;6;amiante;Isolant thermique;
Faux-plafonds;FERODO/FERLAM;22 ALU;06/1973;;3;Chrysotile;Isolant;
Faux-plafonds;ISOVER;EVERITUBE;1986;;;;;
Faux-plafonds;ISOVER;AMIABEL SAFARI;1986;;8;;;AMIABEL SAFARI II
Faux-plafonds;FERODO/FERLAM;DECOR;06/1973;;3;Chrysotile;Isolant;
Faux-plafonds;FERLAM;DECOR DE LUXE;;;;;;
Faux-plafonds;FERLAM/PANOCELL;LITATHERM;;;;;;
Faux-plafonds;FERLAM/PANOCELL;ONDUCELL;;;;;;
Faux-plafonds;FERODO/FERLAM;PANOCELL;06/1973;;3;Chrysotile;Isolant;
Faux-plafonds;ETERNIT;PICAL;1985;;5;Chrysotile/Amosite;Plan;
Faux-plafonds;STRAMIT;STRAMIT;;;;;;
Feuilles;PBI;ARMIT;;;;;;
Feuilles;PBI;KEMIT;;;;;;
Feuilles;;LUTAM;;;;;;
Feuilles;PBI;TESNIT;;;;;;
Feutres;FERODO;FERLAM;;;;;;
Feutres;DFC;FEUTRE D'AMIANTE;1996;;;Chrysotile;Isolant Thermique;
Feutres;SIPLAST;PARAVER;;;;;;
Panneaux;EVERITE;ETERNIT;1983;;7;Chrysotile-Grunérite;Amiante-ciment;
Panneaux;EVERITE;ASBESTOLUX;1983;;7;Chrysotile-Grunérite;Amiante-ciment;
Panneaux;ISOLAMIANTE;CAPOSIL HT 1;;;6;Amosite;Panneau isolant;
Panneaux;CAPE;CAPOSITE;;;6;Amosite;Panneau;
Panneaux;EVERS;EVERSON;;;;;;
Panneaux;FULGURIT;FULGUTEKT;;;;;;
Panneaux;ISOLAMIANTE ET MANUF. GENER. D'ISOL.;ISOLAMIANTE;;;;;;
Panneaux;MATHER + PLATT;MATHERITE;;;;;;
Panneaux;SOGECO;NORMAFEU 51 mm AMIANTE;;;;;;
Panneaux;OCTOBON;OCTOBON;;;;;;
Panneaux;FERLAM/FERODO;PANOCELL;;;;;;
Panneaux;ISOTHIG;PAROGEL;;;;;;
Panneaux;PROMAT(ETERNIT);PROMABEST;;;;;;
Plaques;;ASBESTODUR;;;;;;
Plaques;FERRETTITE;ASBESTOLITE;;;;;;
Plaques;FERRETTITE;ASBETOLITH;;;;;;
Plaques;FERLAM;ALUNINISE 81866 ALD 1;;;3;Chrysotile;;
Plaques;FERLAM;ALUNINISE 81865 ALD 11;;;3;Chrysotile;;
Plaques;FERLAM;ALUNINISE 81812ALD 1;;;3;Chrysotile;;
Plaques;FERLAM;ALUNINISE 1008;;;3;Chrysotile;;
Plaques;FERLAM;ALUNINISE 71110;;;3;Chrysotile;;
Plaques;FERLAM;ALUNINISE 72140;;;3;Chrysotile;;
Plaques;FERLAM;ALUNINISE 72851;;;3;Chrysotile;;
Plaques;ISOLAMIANTE ET CAPE;CAPOSIL HT 1;;;;;;
Plaques;;CARTON BR;;;;;;
Plaques;GEB;CARTON D'AMIANTE;03/1996;;3;Chrysotile;Plaque;
Plaques;;CELOBESTOS;;;;;;
Plaques;;CORDIERITE;;;6;Chrysotile;;
Plaques;ETERNIT;PICAL;;;;;;
Plaques;;DURESTON;;;6;Chrysotile;Plaque;
Plaques;;GESTERON 210;;;6;Chrysotile;Plaque;
Plaques;;GESTERON 281;;;6;Chrysotile;Plaque;
Plaques;;PERMANIRE;;;;;;
Plaques;ETERNIT;PIACALUX (densité 0,7-0,9);;;;;;
Plaques;ETERNIT;PICAL A (densité 0,5-0,7);;;;;;
Plaques;;SOVELITE;;;6;Amiante;Isolant thermique;
Plaques;JOHNS MANVILLE;SUPEREX;;;;;;
Plaques;FIBROCIMENT;SUPERISOFIBRO;;;;;;
Plaques;JOHNS MANVILLE;THERMOBESTOS;;;;;;
Bandes;FERLAM;BANDE 703;03/1996;;3;Chrysotile;Bande;
Bandes;FERLAM;BANDE 709;03/1996;;3;Chrysotile;Bande;
Bandes;FERLAM;BANDE 714 E;03/1996;;3;Chrysotile;Bande;
Bandes;FERLAM;BANDE 733/734;03/1996;;3;Chrysotile;Bande;
Bandes;FERLAM;BANDE 731/732;03/1996;;3;Chrysotile;Bande;
Bandes;FERLAM;BANDE 737 à 739;03/1996;;3;Chrysotile;Bande;
Bandes;FERLAM;BANDE 747 à 749;03/1996;;3;Chrysotile;Bande;
Bandes;PROST;DIATISOL;;;;;;
Bourrelets;FERLAM;BOURRELET 178;03/1996;;3;Chrysotile;Bourrelet;
Bourrelets;JOHNS MANVILLE;CHEMPAC 2012;;;;;;
Bourrelets;PATOURET-DUBOIS et FILS;LITAFEU;;;;;;
Cordons;FERLAM;CODON 112;03/1996;;3;Chrysotile;Cordon;
Cordons;FERLAM;CODON 113;03/1996;;3;Chrysotile;Cordon;
Cordons;FERLAM;CODON 113 EKR;03/1996;;3;Chrysotile;Cordon;
Cordons;FERLAM;CODON 192;03/1996;;3;Chrysotile;Cordon;
Cordons;TREMCO;JS 802 Swiggle;12/1990;11/1990;;;;
Cordons;TREMCO;POLYSHIM;12/1991;;;;;
Cordons;TREMCO;SST 800;06/1994;;1;Chrysotile;Cordon;
Cordons;TREMCO;TAPE 440;06/1990;;1;Chrysotile;Cordon;
Couvertures;ETERNIT INDUSTRIES;ARDOISE ETERNIT;12/1992;;;;;
Couvertures;ETERNIT INDUSTRIES;ARDOISE TULOISE;06/1977;;;;;
Couvertures;COMPTOIR TUILLIER DU NORD;EPIPLAQUE 5/76;07/1982;;;;;
Couvertures;COMPTOIR TUILLIER DU NORD;EPIPLAQUE 5/78;07/1982;;;;;
Couvertures;TECTOR EVERITE;EVERISOL;;;;;;
Couvertures;EVERITUBE;EVERISOL;12/1987;;;;;
Couvertures;EVERITE;EVERISOL;07/1992;;;;;
Couvertures;EVERITUBE;MAXIPLAQUE 5/73-38;06/1977;;;;;
Couvertures;EVERITUBE;MAXIPLAQUE 5/77-199;10/1981;;;;;
Couvertures;EVERITUBE;MAXIPLAQUE 5/80-283;10/1981;;;;;
Couvertures;EVERITUBE;MAXIPLAQUE 5/81-364;12/1996;;;;;
Couvertures;ECONEX-SOFILEX;Q;01/1987;12/1996;;;;
Couvertures;EVERITUBE;STRUCTUREX COUV. 5/80-284;03/1984;;;;;
Couvertures;EVERITUBE;STRUCTUREX COUV. 5/84-475;07/1985;;;;;
Matelas;CAPE;MATELAS PLUTO;;;6;Amiante;Matelas;
Tissus;FERLAM;TISSU 842/843;03/1996;;3;Chrysotile;Tissu;
Tissus;FERLAM;TISSU 831/833;03/1996;;3;Chrysotile;Tissu;
Tissus;FERLAM;TISSU 851/855;03/1996;;3;Chrysotile;Tissu;
Tissus;FERLAM;TISSU 812/865;03/1996;;3;Chrysotile;Tissu;
Tissus;FERLAM;TISSU 862/863;03/1996;;3;Chrysotile;Tissu;
Tissus;FERLAM;TISSU 864/866;03/1996;;3;Chrysotile;Tissu;
Tissus;FERLAM;TISSU 6110/6140;03/1996;;3;Chrysotile;Tissu;
Tissus;FERLAM;TISSU 6200/6280;03/1996;;3;Chrysotile;Tissu;
Tissus;FERODO;UNIDECOR;;;;;;
Tresses;GEB;FIRESEAL;03/1996;;3;Chrysotile;Tresse;
Tresses;;GROSSLITE;;;6;Chrysotile;;
Tresses;;FIREFY;;;6;Chrysotile;;
Tresses;;SOLEX;;;6;Chrysotile;;
Tresses;;SUPER TEMPEX;;;6;Chrysotile;;
Tresses;LATTY INTERNATIONAL;LATTY FLON 1775;02/1996;;3;Amiante;Tresse;
Tresses;LATTY INTERNATIONAL;LATTY FLON 1789;02/1996;;3;Amiante;Tresse;
Tresses;LATTY INTERNATIONAL;LATTY TEX 117;02/1996;;3;Amiante;Tresse;
Tresses;LATTY INTERNATIONAL;LATTY TEX 313 INC;02/1996;;3;Amiante;Tresse;
Tresses;LATTY INTERNATIONAL;LATTY TEX 1761 AF-AL;02/1996;;3;Amiante;Tresse;
Tresses;PATURET-DUBOIS et FILS;PADUFLON;;;;;;
Tresses;PATURET-DUBOIS et FILS;PADUSOL;;;;;;
Tresses;PATURET-DUBOIS et FILS;PADUTEX;;;;;;
Tresses;GEB;PROFEU TRESSE D'AMIANTE;;03/1996;3;Chrysotile;Tresse;
Tresses;FERLAM;TRESSE 123 E;03/1996;;3;Chrysotile;Tresse;
Tresses;FERLAM;TRESSE 128 E;03/1996;;3;Chrysotile;Tresse;
Tresses;FERLAM;TRESSE 130 E;03/1996;;3;Chrysotile;Tresse;
Tresses;GEB;TRESSE D'AMIANTE;03/1996;;3;Chrysotile;Tresse;
Freins;ABEXEQUIPEMENTS; ABEX 331;03/1996;;;;;
Freins;FERODO ABEX;250;fin 1996;;3;Chrysotile;Matériaux de friction;
Freins;FERODO ABEX;254;fin 1996;;3;Chrysotile;Matériaux de friction;
Freins;FERODO ABEX;303;fin 1996;;3;Chrysotile;Matériaux de friction;
Freins;FERODO ABEX;331;fin 1996;;3;Chrysotile;Matériaux de friction;
Freins;FERODO ABEX;346;fin 1996;;3;Chrysotile;Matériaux de friction;
Freins;FERODO ABEX;349;fin 1996;;3;Chrysotile;Matériaux de friction;
Freins;FERODO ABEX;413;fin 1996;;3;Chrysotile;Matériaux de friction;
Freins;FERODO ABEX;416;fin 1996;;3;Chrysotile;Matériaux de friction;
Freins;FERODO ABEX;417;fin 1996;;3;Chrysotile;Matériaux de friction;
Freins;FERODO ABEX;425;fin 1996;;3;Chrysotile;Matériaux de friction;
Freins;FERODO ABEX;427;fin 1996;;3;Chrysotile;Matériaux de friction;
Freins;FERODO ABEX;121;;;6;Amiante;Matériaux de friction;
Freins;FERODO ABEX;200;;;6;Amiante;Matériaux de friction;
Freins;FERODO ABEX;203;;;6;Amiante;Matériaux de friction;
Freins;FERODO ABEX;231;;;6;Amiante;Matériaux de friction;
Freins;FERODO ABEX;251;;;6;Amiante;Matériaux de friction;
Freins;FERODO ABEX;253;;;6;Amiante;Matériaux de friction;
Freins;FERODO ABEX;301;;;6;Amiante;Matériaux de friction;
Freins;FERODO ABEX;309;;;6;Amiante;Matériaux de friction;
Freins;FERODO ABEX;311;;;6;Amiante;Matériaux de friction;
Freins;FERODO ABEX;334;;;6;Amiante;Matériaux de friction;
Freins;FERODO ABEX;335;;;6;Amiante;Matériaux de friction;
Freins;FERODO ABEX;336;;;6;Amiante;Matériaux de friction;
Freins;FERODO ABEX;342;;;6;Amiante;Matériaux de friction;
Freins;FERODO ABEX;355;;;6;Amiante;Matériaux de friction;
Freins;FERODO ABEX;360;;;6;Amiante;Matériaux de friction;
Freins;FERODO ABEX;383;;;6;Amiante;Matériaux de friction;
Freins;FERODO ABEX;385;;;6;Amiante;Matériaux de friction;
Freins;FERODO ABEX;386;;;6;Amiante;Matériaux de friction;
Freins;FERODO ABEX;388;;;6;Amiante;Matériaux de friction;
Freins;FERODO ABEX;389;;;6;Amiante;Matériaux de friction;
Freins;FERODO ABEX;411;;;6;Amiante;Matériaux de friction;
Freins;FERODO ABEX;470;;;6;Amiante;Matériaux de friction;
Freins;FERODO ABEX;481;;;6;Amiante;Matériaux de friction;
Freins;FERODO ABEX;503;;;6;Amiante;Matériaux de friction;
Freins;FERODO ABEX;508;;;6;Amiante;Matériaux de friction;
Freins;FERODO ABEX;532;;;6;Amiante;Matériaux de friction;
Freins;FERODO ABEX;608;;;6;Amiante;Matériaux de friction;
Freins;FERODO ABEX;618;;;6;Amiante;Matériaux de friction;
Freins;FERODO ABEX;631;;;6;Amiante;Matériaux de friction;
Freins;FERODO ABEX;640;;;6;Amiante;Matériaux de friction;
Freins;FERODO ABEX;679;;;6;Amiante;Matériaux de friction;
Freins;FERODO ABEX;815;;;6;Amiante;Matériaux de friction;
Freins;FLERTEX;271;02/1996;;3;Chrysotile;Matériaux de friction;
Freins;FLERTEX;301;02/1996;;3;Chrysotile;Matériaux de friction;
Freins;FLERTEX;504;02/1996;;3;Chrysotile;Matériaux de friction;
Freins;FLERTEX;535;02/1996;;3;Chrysotile;Matériaux de friction;
Freins;FLERTEX;562;02/1996;;3;Chrysotile;Matériaux de friction;
Freins;FLERTEX;607;02/1996;;3;Chrysotile;Matériaux de friction;
Freins;FLERTEX;608;02/1996;;3;Chrysotile;Matériaux de friction;
Freins;FLERTEX;609;02/1996;;3;Chrysotile;Matériaux de friction;
Freins;FLERTEX;641;02/1996;;3;Chrysotile;Matériaux de friction;
Freins;FLERTEX;644;02/1996;;3;Chrysotile;Matériaux de friction;
Freins;FLERTEX;661;02/1996;;3;Chrysotile;Matériaux de friction;
Freins;ALLIED SIGNAL;S 688;02/1996;;3;Chrysotile;Matériaux de friction;
Isolateurs électriques;FERLAM;GAINE 232;;03/1996;3;Chrysotile;Gaine;
Isolateurs électriques;FERLAM;GAINE 223 E;;03/1996;3;Chrysotile;Gaine;
Joints;TROUVAY et CAUVIN;LATTY;1995;;;;;
Joints;TROUVAY et CAUVIN;PATOURET-DUBOIS;1995;;;;;
Joints;TROUVAY et CAUVIN;FERLAM;1995;;;;;
Joints;TROUVAY et CAUVIN;TURNER;1995;;;;;
Joints;TROUVAY et CAUVIN;SIEM;1995;;;;;
Joints;TROUVAY et CAUVIN;EMI CURTY;1995;;;;;
Joints;TROUVAY et CAUVIN;BELDARIT;1995;;;;;
Joints;TROUVAY et CAUVIN;EMIRIT;1995;;;;;
Joints;TROUVAY et CAUVIN;EXCELSIORIT-CURTIT;1995;;;;;
Joints;DELTA-JOINT;HYDROMETALIT;;;6;Amiante;Joint;
Joints;MOULINS DE SALIENS;HYDROMIDIT 53;03/1996;;7;Chrysotile;Joint;
Joints;MOULINS DE SALIENS;HYDROMIDIT 74;03/1996;;7;Chrysotile;Joint;
Joints;MOULINS DE SALIENS;HYDROMIDIT 95;03/1996;;7;Chrysotile;Joint;
Joints;TROUVAY ET CAUVIN;KLINGER 41 (3XA);12/1992;;7;Amiante;Joint;
Joints;TROUVAY ET CAUVIN;KLINGER 80;07/1989;;3;Chrysotile;Joint;
Joints;TROUVAY ET CAUVIN;KLINGER 200;;;6;Amiante;Joint;
Joints;TROUVAY ET CAUVIN;KLINGER 290 D;;;6;Amiante;Joint;
Joints;TROUVAY ET CAUVIN;KLINGER OILIT (3XA);;;6;Amiante;Joint;
Joints;TROUVAY ET CAUVIN;KLINGERFLEX CH 1;;;6;Amiante;Joint;
Joints;TROUVAY ET CAUVIN;KLINGERIT (3XA);;;6;Amiante;Joint;
Joints;TROUVAY ET CAUVIN;1000;;;6;Amiante;Joint;
Joints;TROUVAY ET CAUVIN;UNIVERSAL (3XA);;;6;Amiante;Joint;
Joints;LAFARGE;LANCO 119;;;;;;
Joints;LATTY INTERNATIONAL;LATTY PACK TRESSADIANT;02/1996;;3;Amiante;Joint;
Joints;LATTY INTERNATIONAL;LATTY RIT 200;02/1996;;3;Chrysotile;Joint;
Joints;LATTY INTERNATIONAL;LATTY RIT 2000 METALLIC;02/1996;;;;;
Joints;LATTY;LATTY RIT SUPERSERVICE 25;;09/1997;3;Chrysotile;Joint;
Joints;TROUVAY et CAUVIN;LLOYD PERMANITE;1995;;;;;
Joints;LATTY INTERNATIONAL;METALLIC;02/1996;;3;Chrysotile;Joint;
Joints;LATTY INTERNATIONAL;MULTISERVICE;02/1996;;3;Chrysotile;Joint;
Joints;SIEM; OIL;;;;;;
Joints;SIEM; OIL SR;;;;;;
Joints;LATTY INTERNATIONAL;SUPER ACID;02/1996;;3;Chrysotile;Joint;
Joints;TROUVAY et CAUVIN;SUPRANITE;1995;;;;;
Joints;SIEM;SUPRANITE ACID;01/1996;;3;Chrysotile;Joint;
Joints;SIEM;SUPRANITE OIL;01/1996;;3;Chrysotile;Joint;
Joints;SIEM;SUPRANITE OIL SR;01/1996;;3;Chrysotile;Joint;
Joints;SIEM;SUPRANITE OIL SRN;01/1996;;3;Chrysotile;Joint;
Joints;SIEM;SUPRANITE SR;01/1996;;3;Chrysotile;Joint;
Joints;SIEM;SUPRANITE SRN;01/1996;;3;Chrysotile;Joint;
Joints;TROUVAY ET CAUVIN;WB 1;;;6;Amiante;Joint;
Matériaux composites;FERODO;FERLAM;;;;;;
Matériaux composites;ROCLAINE/CAPE;MARINITE 36 et 45;;;;;;
Matériaux composites;ISOMACO;TEXCOTE;;;;;;
Matière plastique;PERSTORP;847;1995;;7;Amiante;;
Matière plastique;PERSTORP;849;1995;;7;Amiante;;
Nez de marches;FERODO;FERODO;;;;;;
Revêtements muraux;FORBO SARLINO;COLOVINYL;1983;;8;Chrysotile;Revêtement;COLOVINYL AF
Revêtements muraux;CORDUAL;DECOVER;;;;;;
Revêtements muraux;FORBO SARLINO;NOVILON;1981;;1;Chrysotile;Revêtement;
Revêtements muraux;FERLAM/FERODO;STRAIRLAM;;;;;;
Revêtements de sols en dalles ou en rouleaux;GRIFFINE MARECHAL;AD DAL;07/1986;;;;;
Revêtements de sols en dalles ou en rouleaux;DALAMI;ARDOISIN;07/1985;;;;;
Revêtements de sols en dalles ou en rouleaux;;ARMAZOL;07/1990;06/1982;;;;
Revêtements de sols en dalles ou en rouleaux;SIRS;BALLADE DECOR;07/1990;;;;;
Revêtements de sols en dalles ou en rouleaux;SIRS;BALLADE SI DECOR;07/1985;;;;;
Revêtements de sols en dalles ou en rouleaux;SARLINO;COLOVINYL;07/1985;;;;;
Revêtements de sols en dalles ou en rouleaux;IND. REMOISE DU LINOLEUM FORBO-SARLINO;COLOVINYL-SARLINO;;;;;;
Revêtements de sols en dalles ou en rouleaux;;DALAMI;07/1988;;;Amiante;Dalle;
Revêtements de sols en dalles ou en rouleaux;DALAMI (ETERNIT) SUDISOL;DALFLEX;09/1986;1982;;;;
Revêtements de sols en dalles ou en rouleaux;SIRS;DALLE SI DECOR;;;;;;
Revêtements de sols en dalles ou en rouleaux;SOMMER;DALLE BALADE;07/1988;;;;;
Revêtements de sols en dalles ou en rouleaux;DALAMI;DALLE SI;07/1988;;;;;
Revêtements de sols en dalles ou en rouleaux;SOMMER;DALLE SOL;07/1990;;;;;
Revêtements de sols en dalles ou en rouleaux;MARECHAL;DALIDAL/DECORA;;;;;;
Revêtements de sols en dalles ou en rouleaux;SIRS;DALSOL DECOR;1982;;;;;
Revêtements de sols en dalles ou en rouleaux;SIRS;DALLE SI DECOR;;;;;;
Revêtements de sols en dalles ou en rouleaux;SIRS;DALFLEX DECOR;;;;;;
Revêtements de sols en dalles ou en rouleaux;DALAMI;DARFLEX;1982;;;;;
Revêtements de sols en dalles ou en rouleaux;DALAMI;DARFLEX DECOR;07/1990;;;;;
Revêtements de sols en dalles ou en rouleaux;SOMMER;DARFLEX DECOR;10/1986;;;;;
Revêtements de sols en dalles ou en rouleaux;SIRS;DARFLEX DECOR;10/1986;;;;;
Revêtements de sols en dalles ou en rouleaux;SOMMER;DARFLEX SUPER;10/1986;;1;Chrysotile;Revêtement;
Revêtements de sols en dalles ou en rouleaux;DLW FRANCE;DELIFLEX FK;12/1978;;;;;
Revêtements de sols en dalles ou en rouleaux;AMSTRONG CORK;EXCELON TRA (M);07/1986;;;;;
Revêtements de sols en dalles ou en rouleaux;AMSTRONG;EXCELLON TRA (N);07/1980;;;;;
Revêtements de sols en dalles ou en rouleaux;AMSTRONG CORK;EXCELON TRAVERT;07/1982;;;;;
Revêtements de sols en dalles ou en rouleaux;GERLAND;GERFLOR;07/1982;;;;;
Revêtements de sols en dalles ou en rouleaux;GERLAND;GERFLOR SRS;;;;;;
Revêtements de sols en dalles ou en rouleaux;GERLAND SOLS ET REVETEMENTS;GERFLOR 600;07/1981;1979;;;;
Revêtements de sols en dalles ou en rouleaux;GERLAND SOLS ET REVETEMENTS;GERFLOR 900;07/1981;1979;;;;
Revêtements de sols en dalles ou en rouleaux;GERLAND SOLS ET REVETEMENTS;GERFLOR 1100;07/1981;;;;;
Revêtements de sols en dalles ou en rouleaux;GERLAND SOLS ET REVETEMENTS;GERFLOR 1200;07/1981;;;;;
Revêtements de sols en dalles ou en rouleaux;GERLAND SOLS ET REVETEMENTS;GERFLOR 4000;1979;1980;;;;
Revêtements de sols en dalles ou en rouleaux;GERLAND SOLS ET REVETEMENTS;GERFLOR SR;1980;1979;;;;
Revêtements de sols en dalles ou en rouleaux;GERLAND SOLS ET REVETEMENTS;GERFLOR SRS;1980;1979;;;;
Revêtements de sols en dalles ou en rouleaux;SARLINO;NOVILON;1979;;;;;
Revêtements de sols en dalles ou en rouleaux;PATURET-DUBOIS et FILS;PADUSOL;07/1978;;;;;
Revêtements de sols en dalles ou en rouleaux;DEUTSCHE LINOLEUM;PLASTINO RELIEF;01/1995;;;;;
Revêtements de sols en dalles ou en rouleaux;DEUTSCHE LINOLEUM;PREAFLEX;10/1977;;;;;
Revêtements de sols en dalles ou en rouleaux;STE DU LINOLEUM;PREFLEX;07/1981;;;;;
Revêtements de sols en dalles ou en rouleaux;GERLAND;VALSOL SUPER;11/1988;;;;;
Revêtements de sols en dalles ou en rouleaux;GRIFFINE MARECHAL;VENILIA;;;;;;
Revêtements de sols en dalles ou en rouleaux;GRIFFINE MARECHAL;VENILIA ROMAGNE;07/1987;;;;;
Revêtements de sols en dalles ou en rouleaux;GRIFFINE MARECHAL;VINYLE AMIANTE;;;;;;
Portes;ISBA/FERODO;BLOC PORTE AVEC PANOCELL;;;;;;
Portes;LUTERMAX-STIMEX;BLOC PORTE PICAL;;;;;;
Portes;LUTERMAX-STIMEX;ASBETOLUX;;;;;;
Portes;LUTERMAX-STIMEX;PROMABEST;;;;;;
Portes;COUCHEROUX;ISOFEU;;;;;;
Portes;MINEUR-BECOURT;PORTES COULISSANTES ET PIVOTANTES AVEC PICAL;;;;;;
Portes;KRIEG et ZIVY;PORTE PALIERE;;;;;;
Portes;PRIM/STE;PLASTIQUES RENFORCES PORTE PALIERE AVEC COTON D'AMIANTE;;;;;;
Chaudières;;AIRLEC;;;;;;
Chaudières;;APPLIMO;;;;;;
Chaudières;;AUER;;;;;;
Chaudières;CALDER;(CARTON d'AMIANTE);1975;;;;;
Chaudières;BAUKNECHT;(PLAQUES);1981;;;;;
Chaudières;BOULLET;(PANNEAU CENTRAL);;;;;;
Chaudières;;CAMPA;;;;;;
Chaudières;;CIE EUROP. ELECRO. THER;;;;;;
Chaudières;;DE DIETRICH THERMIQUE;;;;;;
Chaudières;DEVILLE;JOINTS;1990;;;;;
Chaudières;;LAIDET;;;;;;
Chaudières;;STE NOUVELLE LEMERCIER;;;;;;
Chaudières;NOIROT;(RESISTANCE SUR AMIANTE);1982;;;;;
Chaudières;;SERMES SIEMENS;;;;;;
Chaudières;;STIEBEL ELTRON France;;;;;;
Chaudières;;THERMEREM;;;;;;
Chaudières;;THERMOR;1985;;;;;
Chaudières;;VERGER DELPORTE;;;;;;
Portes d ascenseur;SBM/SCHMID-BRUNETON-MORIN;(AMIANTE CAOUTCHOUTE);;;;;;
Portes d ascenseur;;MATHER + PLATT WORMALD;;;;;;
Portes d ascenseur;LUNMINY GATTI BOUZO;(ASBESTOLUX);;;;;;
Portes d ascenseur;BOULLET;(ASBESTOLUX ASBESTING);;;;;;
Portes d ascenseur;FORMICA;(FEUILLE D'AMIANTE);;;;;;
Portes d ascenseur;SATM;RIDEAU COUPE FEU;;;;;;
Portes d ascenseur;SATM;(FEUILLE D'AMIANTE ENTRE ACIER ONDULE);;;;;;
Portes d ascenseur;GATTI;LUMINY;;;;;;
Portes d ascenseur;GATTI;(ASBESTOLUX);;;;;;
Portes d ascenseur;PEIGNEN;(PANOCELLL);;;;;;
Portes d ascenseur;ROUX-COMBALUZIER (SCHINDLER);(PANOCELLL);;;;;;
Portes d ascenseur;GUBRI-PORTAVIA;(PANOCELL, MARINITE, ASBESTOLUX);;;;;;
Portes d ascenseur;ASCINTER-OTIS;(PICAL);;;;;;
Portes d ascenseur;BON ET NAGA;(PICAL);;;;;;
Portes d ascenseur;DRECK;(PICAL);;;;;;
Portes d ascenseur;FICHET BAUCHE;(PICAL);;;;;;
Portes d ascenseur;FRIMEX;(PICAL);;;;;;
Portes d ascenseur;MINEUR-BECOURT;(PICAL);;;;;;
Portes d ascenseur;POLYPLAC;(PICAL);;;;;;
Portes d ascenseur;RENITEX;(PICAL);;;;;;
Portes d ascenseur;ATEMO;(PLAQUES D'AMOSITE);;;;;;
Portes d ascenseur;PORTAVIA;voir GUBRI;;;;;;
Portes d ascenseur;BICHON-RAYNAL;PORTE BR;;;;;;
Portes d ascenseur;SCHINDLER;PORTE D'ASCENSEUR AVEC CARTON D'AMIANTE;;;;;;
Radiateurs;;AIRLEC;;;;;;
Radiateurs;;APPLIMO;;;;;;
Radiateurs;;AUER;;;;;;
Radiateurs;CADLER;(CARTON D'AMIANTE);1975;;;;;
Radiateurs;BOULLET;(PANNEAU CENTRAL);;;;;;
Radiateurs;BAUKNECHT;(PLAQUES);1981;;;;;
Radiateurs;;CAMPA;;;;;;
Radiateurs;;Cie EUROP. ELECTRO THER.;;;;;;
Radiateurs;;DE DIETRICH THERMIQUE;;;;;;
Radiateurs;DEVILLE;(JOINTS);1990;;;;;
Radiateurs;;LAIDET;;;;;;
Radiateurs;;STE NOUV. LERMERCIER;;;;;;
Radiateurs;NOIROT;(RESISTANCE SUR AMIANTE);1982;;;;;
Radiateurs;;SERMES;;;;;;
Radiateurs;;SIEMENS;;;;;;
Radiateurs;;STIEBEL ELTRON FRANCE;;;;;;
Radiateurs;;THERMEREN;;;;;;
Radiateurs;;THERMOR;1985;;;;;
Radiateurs;;VERGER DELPORTE;;;;;;