Nom de famille;Nom de fournisseur;Nom de produit;Date ANDEVA;Date INRS;info date (1,2,3,4,5,6,7,8);Type d'amiante;Type d'utilisation;Nouveau nom;Classe supérieure
Enduit;COPRIS-ISOLATION SA ET ISOMACO; COPRISPRAY;;;;;;;
Enduit;CIDE;CRIDOFEU FA;;12/1977;3;Amiant;;;
Enduit;SEPREBA;FIBROCOAT;;03/1981;3;Amiante;;;
Enduit;ISOPHONE MARQUISE;ISIPHONE IG ET IT;11/1980;;;;;;
Enduit;PREFABRICATION MODERNE;KAPPA CL;;;;;;;
Enduit;STE PATOURET DUBOIS et FILS;RESISTOFEU;03/1988;;;;;;
Enduit de façade;CHIMIE DU BATIMENT;BETENDUIT SPECIAL JOINTS;03/1994;;1;Amiante;;;Enduit
Enduit de façade;SUISSE; KENITEX;;;;;;;Enduit
Enduit de façade;MIPLACOL;PARMUR FILLING;11/1980;;3;Amiante;;;Enduit
Enduit de façade;UNITECTA-FRANCE;VICRIL G;;;;;;;Enduit
Enduit-plâtre de protection incendie;CFPI;ENDUIT 1000;02/1988;;1;Amiante;;;Enduit
Enduit-plâtre de protection incendie;LAMBERT INDUSTRIES;PROGYPSOL;1985;;5;Chrysotile;;;Enduit
Enduit-plâtre de protection incendie;LAMBERT INDUSTRIES;LUTECE PROGYPSOL;1985;;5;Chrysotile;;;Enduit
Mortier colle;;PHILPLUG;;;;;;;Colle
Mortier colle;;POLYPLUG;environ 1992;;;;;;Colle
Mortier colle;;SCOREI;;;;;;;Colle
Mortier colle;CAPEBOARD;SUPALUX S;;;;;;;Colle
Mortier colle;ETUDES ET PROMOTION DE L'ISOLATION DU BATIMENT;XTHERM-MORTIER TX 3;;09/1981;3;Chrysotile;;;Colle
Mortiers de protection incendie;MIPLACOL;MORTIER ISOTECT;03/1980;;3;Amiante;Isolation thermique;;
Mortiers réfractaires;PIROBOW (GB);PYROTHERM TYPE 1;;;;;;;
Poudre à mouler;VYNICOLIT NV;VYNICOLIT 813.10.00 BLACK;;01/1996;3;Amiante;Poudre à mouler;;
Colle;CFPI;ADHESIF 81-33;12/1980;;1;Amiante;Adhésif;;
Colle;CFPI;ADHESIF 81-93;04/1976;;1;Amiante;Adhésif;;
Colle;CFPI;ADHESIF FIBRE 81-27;03/1986;;1;Amiante;Adhésif;;
Colle;SEA;ADHESIGLUE S;1987;;2;Amiante;Adhésif;;
Colle;EMFI;CALITHAN;11/1994;;1;Chrysotile;;;
Colle;KLEIBERIT CHIMIE;COLLE 596.8.A;1985;;3;Amiante;;;
Colle;KLEBERITCHIMIE;COLLE 596 8 A;;;;;;;
Colle;EMFROCKWOOLISOLATION;COLLE RW 302;;;;;;;
Colle;R SA;COLLE FIXOCLIPS;06/1982;;3;Amiante;;;
Colle;CFPI;ELEASTOLAR;;;;;;;
Colle;ROUSSELOT SA;FIXOCLIPS;;;;;;;
Colle;CFPI;FLEXTRA;06/1988;;1;Amiante;;;
Colle;CFPI;FOAMSEAL;;;;;;;
Colle;BITULAC;GELEPOX BI;;1987;5;Chrysotile;;;
Colle;SEA;GENTIA DALLE;1987;07/1980;;;;;
Colle;SOPAP;ISOCOL COLLE PU 403;07/1980;08/1983;;;;;
Colle;EMFI;ISOLEMFI 5801/01 MONO;08/1983;;;;;;
Colle;EMFI;ISOLEMFI 50020 A MONO;07/1995;;;;;;
Colle;EMFI;ISOLEMFI S 35;02/1996;;;;;;
Colle;CFPI;LAGTONE;04/1993;;;;;;
Colle;BASF AG;METBLOND 328 et 329;01/1993;;7;Amiante;Adhésif;;
Colle;CFPI;MONOLAR;;;;;;;
Colle;EMFI;ORDOCOL PU ASSEMBLAGE;04/1993;;1;Chrysotile;;;
Colle;EMFI;ROCKWOOL RW 301;07/1995;;1;Chrysotile;;;
Colle;EMFI;ROCKWOOL ISOLATION;02/1996;;1;Chrysotile;;;
Colle;EMFI;ROCKWOOL RW 302;02/1996;;1;Chrysotile;;;
Colle;CFPI;SEALANT;;;;;;;
Colle;CFPI;SEALFAS;;;;;;;
Colle;CFPI;STECAD;;;;;;;
Colle;CECA;TOPFIX NA 62;05/1989;;;;;;
Enduit;CHIMIE DU BATIMENT;BENTENDUIT;;;;;;;
Enduit;BITULAC;BITUSEALAC;;;;;;;
Enduit;EMFI SA;ETILANE;;;;;;;
Enduit;SEPREBA;FIBROCOAT;03/1981;;;;;;
Enduit;GEB;FILGUM;05/1991;;1;Amiante;Mastic;;
Enduit;GEB;FILGUM AF;05/1991;;4;Amiante;Mastic;;
Enduit;GEB;CORDON;05/1991;;4;Amiante;Mastic;;
Enduit;GEB;GLASTOL;05/1991;;1;Amiante;Mastic;;
Enduit;SEPREBA;RAGRECOAT;03/1981;;3;Amiante;;;
Enduit;CAOUTCHOUC D'ARGENTEUIL;RAINEX 407;07/1994;;3;Amiante;;;
Enduit;CFPI;REVETEMENT 036;12/1977;;5;Amiante;;;
Enduit;GEB;TOITUROL;05/1991;;1;Amiante;Mastic;;
Mastic;GEB;CALORIGEB;05/1991;;1;Amiante;Mastic;;
Mastic;GEB;CORDON;05/1991;;;;;;
Mastic;TREMCO;CWS;06/1994;;1;Chrysotile;;;
Mastic;CFPI;ELASTOLAR 95-44;06/1981;;4;Amiante;;;
Mastic;CFPI;ELASTOLAR 95-49;06/1982;;4;Amiante;;;
Mastic;TREMCO;FIBERMAT;;;;;;;
Mastic;GEB;FILGUM;05/1991;;;;;;
Mastic;GEB;FILGUM AF;05/1991;;;;;;
Mastic;GEB;FIRESEAL;03/1996;;3;Chrysotile;Tresses;;
Mastic;GEB;GLASTOL;;;;;;;
Mastic;SAIM;IMPERMastic 1521;05/1991;1990;;;;;
Mastic;CFPI;Mastic 60-25;06/1990;;1;Amiante;;;
Mastic;CFPI;Mastic 60-26;06/1990;;4;Amiante;;;
Mastic;CFPI;Mastic 60-30;06/1990;;5;Amiante;;;
Mastic;CFPI;Mastic 60-42;05/1990;;5;Amiante;;;
Mastic;CFPI;Mastic 60-75;03/1987;;1;Amiante;;;
Mastic;CFPI;Mastic 65-05;03/1988;;1;Amiante;;;
Mastic;CFPI;Mastic 65-06;07/1988;;1;Amiante;;;
Mastic;CFPI;Mastic 65-07;10/1980;;1;Amiante;;;
Mastic;CFPI;Mastic 65-15;07/1988;;5;Amiante;;;
Mastic;CFPI;Mastic 90-07;05/1990;;1;Amiante;;;
Mastic;CFPI;Mastic 90-10;11/1981;;1;Amiante;;;
Mastic;BITULAC;Mastic E2RS;environ 1990;;5;Chrysotile;;;
Mastic;ISOFRA;MASTIK IK 14;1995;;1;Aminate;;;
Mastic;3M;Mastic METAL SCOTCH-SEAL 800;environ 1992;;3;Amiante;;;
Mastic;RENAULT;Mastic PARE-BRISE ET SOUDURE PARPOINTS;09/1981;;3;Amiante;;;
Mastic;BITULAC;Mastic POXETAR BT;09/1996;;1;Chrysotile;;;
Mastic;BITULAC;BTL;09/1996;;1;Chrysotile;;;
Mastic;BITULAC;MASTILATEX M;1994;;1;Chrysotile;;;
Mastic;BITULAC;MASTILATEX P;1994;;1;Chrysotile;;;
Mastic;TREMCO;MONO;1995;12/1989;;;;;
Mastic;TREMCO;PENUFELT;12/1989;06/1994;;;;;
Mastic;PERENNATORWERK;PEVIT HP PARTIE A;;04/1983;3;Amiante;;;
Mastic;PERENNATOR;PEVIT HP PARTIE A;;;;;;;
Mastic;TREMCO;POLYROOF;;12/1991;1;Chrysotile;Mastic bitume;;
Mastic;TREMCO;POLYSHIM;;12/1991;1;Chrysotile;Cordon;;
Mastic;LE JOINT FRANCAIS;PR 1403 GA;04/1983;;8;;;PR 1403 GA NA;
Mastic;LE JOINT FRANCAIS;PR 1403 GB;04/1983;;8;;;PR 1403 GB NA;
Mastic;LE JOINT FRANCAIS;PR 1422 A;05/1994;;;;;;
Mastic;LE JOINT FRANCAIS;PR 1422 B;05/1994;;;;;;
Mastic;LE JOINT FRANCAIS;PR 1425 B;05/1994;;8;;;PR 1425 B NA;
Mastic;LE JOINT FRANCAIS;PR 1435;05/1994;;8;;;PR 1435 NA;
Mastic;LE JOINT FRANCAIS;PR 1436 GA;05/1994;;8;;;PR 1436 GA NA;
Mastic;LE JOINT FRANCAIS;PR 1436 GB;05/1994;;8;;;PR 1436 GB NA;
Mastic;CFPI;SEALANT J 304;environ 1993;;1;Amiante;;;
Mastic;CFPI;SEALER 30-43;03/1987;;1;Amiante;;;
Mastic;CFPI;SEALFAS GPM 45-00;10/1988;;7;Amiante;;;
Mastic;CFPI;SEALFAS GPM 4500 W;05/1977;;1;Amiante;;;
Mastic;CFPI;SEALFAS MAST 41-99;12/1990;;1;Amiante;;;
Mastic;TREMCO;SEAMSEALER;02/1988;;7;Chrysotile;;;
Mastic;BITULAC;SILENCE MARINE;06/1994;;5;Chrysotile;;;
Mastic;BITULAC;SILENCE STANDARD;1994;;1;Chrysotile;;;
Mastic;BITULAC;SILENCE STANDARD A 15;1995;;5;Chrysotile;;;
Mastic;TREMCO;TREMSHIELS BUTYL;;06/1994;7;Chrysotile;;;
Mastic;TREMCO;TRUBUTYL;06/1994;;1;Chrysotile;;;
Mastic;TREMCO;TRUBYTIL;;;;;;;
Mastic;PERENNATORWERK;TX 20001 S;06/1994;;;;;;
Mastic;PERENNATOR;TX 2001 S;06/1979;;3;Amiante;;;
Mastic;FERLAM ET PATOURET-DUBOIS et FILS;LITAFLEX;;;;;;;
Mastic;FERLAM;LITATHERM;12/1975;;3;Amiante;;;
Pâte à joint;CFPI;FOAMSEL 30-45;02/1988;;1;Amiante;;;
Pâte à joint;FLERTEX;PLASTEX;09/1990;;;;;;
Pâte à joint;REINZ;REINZ SUPER SPEZIAL;1993;;7;Amiante;Materiau pour Joint;;
Peinture;CHEMOYE FRANCE;FILLER COAT BINDER 900-15;04/1984;;3;Amiante;;;
Peinture;GREGGORY;FLEXIROC HURON I RH 168;03/1985;;3;Amiante;;;
Peinture;GREGGORY;MAC GREGOR FLASH I RH 231;05/1985;;3;Amiante;;;
Peinture;GREGGORY;MAC GREGOR MISSOURI I RH 250;06/1986;;3;Amiante;;;
Peinture;BITUMastic;PEINTURES 54 S;environ 1991;;1;Amiante;;;
Peinture;GREGGORY;PEINTURE BLANCHE IRH 144;01/1984;;3;Amiante;;;
Peinture;BITULAC;TARPOX 160 km;;;;;;;
Carton;DFC;ANR 00 A;1996;;;Chrysotile;;;
Carton;DFC;ANZ 00 A GRIS;1996;;;Chrysotile;;;
Carton;DFC;ATR 00 A;1996;;;Chrysotile;;;
Carton;FERLAM;DECOR DE LUXE;12/1975;;3;Amiante;;;
Carton;DFC;DURESTOS;1996;;;Chrysotile;;;
Carton;COMM. D'EXP. INDUS;DURESTOS RA 1;12/1995;;7;Chrysotile;;;
Carton;COMM. D'EXP. INDUS;DURESTOS RA 16;12/1995;;7;Chrysotile;;;
Carton;FERODO;ONDULAM;;;;;;;
Carton;PATURET-DUBOIS et FILS;PADUFLON;;;;;;;
Carton;PATURET-DUBOIS et FILS;PADUSOL;;;;;;;
Carton;PATURET-DUBOIS et FILS;PADUTEX;;;;;;;
Cloison;SGEI;PLACOFLAM;;;;;;;
Coquille;JOHNS-MANVILLE;FIBROSILEX;;;6;Amiante;;;
Coquille;FERODO;ISOLFORT;;;;;;;
Coquille;FERODO;ISOLVIT;;;;;;;
Coquille;JOHNS MANVILLE;SUPEREX;;;6;amiante;;;
Faux-plafonds;FERODO/FERLAM;22 ALU;06/1973;;3;Chrysotile;Isolant;;
Faux-plafonds;ISOVER;EVERITUBE;1986;;;;;;
Faux-plafonds;ISOVER;AMIABEL SAFARI;1986;;8;;;AMIABEL SAFARI II;
Faux-plafonds;FERODO/FERLAM;DECOR;06/1973;;3;Chrysotile;Isolant;;
Faux-plafonds;FERLAM;DECOR DE LUXE;;;;;;;
Faux-plafonds;FERLAM/PANOCELL;LITATHERM;;;;;;;
Faux-plafonds;FERLAM/PANOCELL;ONDUCELL;;;;;;;
Faux-plafonds;FERODO/FERLAM;PANOCELL;06/1973;;3;Chrysotile;Isolant;;
Faux-plafonds;ETERNIT;PICAL;1985;;5;Chrysotile/Amosite;Plan;;
Faux-plafonds;STRAMIT;STRAMIT;;;;;;;
Feuille;PBI;ARMIT;;;;;;;
Feuille;PBI;KEMIT;;;;;;;
Feuille;;LUTAM;;;;;;;
Feuille;PBI;TESNIT;;;;;;;
Feutre;FERODO;FERLAM;;;;;;;
Feutre;DFC;FEUTRE D'AMIANTE;1996;;;Chrysotile;;;
Feutre;SIPLAST;PARAVER;;;;;;;
Panneau;EVERITE;ETERNIT;1983;;7;Chrysotile-Grunérite;Amiante-ciment;;
Panneau;EVERITE;ASBESTOLUX;1983;;7;Chrysotile-Grunérite;Amiante-ciment;;
Panneau;ISOLAMIANTE;CAPOSIL HT 1;;;6;Amosite;Panneau isolant;;
Panneau;CAPE;CAPOSITE;;;6;Amosite;;;
Panneau;EVERS;EVERSON;;;;;;;
Panneau;FULGURIT;FULGUTEKT;;;;;;;
Panneau;ISOLAMIANTE ET MANUF. GENER. D'ISOL.;ISOLAMIANTE;;;;;;;
Panneau;MATHER + PLATT;MATHERITE;;;;;;;
Panneau;SOGECO;NORMAFEU 51 mm AMIANTE;;;;;;;
Panneau;OCTOBON;OCTOBON;;;;;;;
Panneau;FERLAM/FERODO;PANOCELL;;;;;;;
Panneau;ISOTHIG;PAROGEL;;;;;;;
Panneau;PROMAT(ETERNIT);PROMABEST;;;;;;;
Plaque;;ASBESTODUR;;;;;;;
Plaque;FERRETTITE;ASBESTOLITE;;;;;;;
Plaque;FERRETTITE;ASBETOLITH;;;;;;;
Plaque;FERLAM;ALUNINISE 81866 ALD 1;;;3;Chrysotile;;;
Plaque;FERLAM;ALUNINISE 81865 ALD 11;;;3;Chrysotile;;;
Plaque;FERLAM;ALUNINISE 81812ALD 1;;;3;Chrysotile;;;
Plaque;FERLAM;ALUNINISE 1008;;;3;Chrysotile;;;
Plaque;FERLAM;ALUNINISE 71110;;;3;Chrysotile;;;
Plaque;FERLAM;ALUNINISE 72140;;;3;Chrysotile;;;
Plaque;FERLAM;ALUNINISE 72851;;;3;Chrysotile;;;
Plaque;ISOLAMIANTE ET CAPE;CAPOSIL HT 1;;;;;;;
Plaque;;CARTON BR;;;;;;;
Plaque;GEB;CARTON D'AMIANTE;03/1996;;3;Chrysotile;;;
Plaque;;CELOBESTOS;;;;;;;
Plaque;;CORDIERITE;;;6;Chrysotile;;;
Plaque;ETERNIT;PICAL;;;;;;;
Plaque;;DURESTON;;;6;Chrysotile;;;
Plaque;;GESTERON 210;;;6;Chrysotile;;;
Plaque;;GESTERON 281;;;6;Chrysotile;;;
Plaque;;PERMANIRE;;;;;;;
Plaque;ETERNIT;PIACALUX (densité 0,7-0,9);;;;;;;
Plaque;ETERNIT;PICAL A (densité 0,5-0,7);;;;;;;
Plaque;;SOVELITE;;;6;Amiante;;;
Plaque;JOHNS MANVILLE;SUPEREX;;;;;;;
Plaque;FIBROCIMENT;SUPERISOFIBRO;;;;;;;
Plaque;JOHNS MANVILLE;THERMOBESTOS;;;;;;;
Bande;FERLAM;BANDE 703;03/1996;;3;Chrysotile;;;
Bande;FERLAM;BANDE 709;03/1996;;3;Chrysotile;;;
Bande;FERLAM;BANDE 714 E;03/1996;;3;Chrysotile;;;
Bande;FERLAM;BANDE 733/734;03/1996;;3;Chrysotile;;;
Bande;FERLAM;BANDE 731/732;03/1996;;3;Chrysotile;;;
Bande;FERLAM;BANDE 737 à 739;03/1996;;3;Chrysotile;;;
Bande;FERLAM;BANDE 747 à 749;03/1996;;3;Chrysotile;;;
Bande;PROST;DIATISOL;;;;;;;
Bourrelet;FERLAM;BOURRELET 178;03/1996;;3;Chrysotile;;;
Bourrelet;JOHNS MANVILLE;CHEMPAC 2012;;;;;;;
Bourrelet;PATOURET-DUBOIS et FILS;LITAFEU;;;;;;;
Cordon;FERLAM;CODON 112;03/1996;;3;Chrysotile;;;
Cordon;FERLAM;CODON 113;03/1996;;3;Chrysotile;;;
Cordon;FERLAM;CODON 113 EKR;03/1996;;3;Chrysotile;;;
Cordon;FERLAM;CODON 192;03/1996;;3;Chrysotile;;;
Cordon;TREMCO;JS 802 Swiggle;12/1990;11/1990;;;;;
Cordon;TREMCO;POLYSHIM;12/1991;;;;;;
Cordon;TREMCO;SST 800;06/1994;;1;Chrysotile;;;
Cordon;TREMCO;TAPE 440;06/1990;;1;Chrysotile;;;
Couverture;ETERNIT INDUSTRIES;ARDOISE ETERNIT;12/1992;;;;;;
Couverture;ETERNIT INDUSTRIES;ARDOISE TULOISE;06/1977;;;;;;
Couverture;COMPTOIR TUILLIER DU NORD;EPIPLAQUE 5/76;07/1982;;;;;;
Couverture;COMPTOIR TUILLIER DU NORD;EPIPLAQUE 5/78;07/1982;;;;;;
Couverture;TECTOR EVERITE;EVERISOL;;;;;;;
Couverture;EVERITUBE;EVERISOL;12/1987;;;;;;
Couverture;EVERITE;EVERISOL;07/1992;;;;;;
Couverture;EVERITUBE;MAXIPLAQUE 5/73-38;06/1977;;;;;;
Couverture;EVERITUBE;MAXIPLAQUE 5/77-199;10/1981;;;;;;
Couverture;EVERITUBE;MAXIPLAQUE 5/80-283;10/1981;;;;;;
Couverture;EVERITUBE;MAXIPLAQUE 5/81-364;12/1996;;;;;;
Couverture;ECONEX-SOFILEX;Q;01/1987;12/1996;;;;;
Couverture;EVERITUBE;STRUCTUREX COUV. 5/80-284;03/1984;;;;;;
Couverture;EVERITUBE;STRUCTUREX COUV. 5/84-475;07/1985;;;;;;
Matelas;CAPE;MATELAS PLUTO;;;6;Amiante;Matelas;;
Tissus;FERLAM;TISSU 842/843;03/1996;;3;Chrysotile;;;
Tissus;FERLAM;TISSU 831/833;03/1996;;3;Chrysotile;;;
Tissus;FERLAM;TISSU 851/855;03/1996;;3;Chrysotile;;;
Tissus;FERLAM;TISSU 812/865;03/1996;;3;Chrysotile;;;
Tissus;FERLAM;TISSU 862/863;03/1996;;3;Chrysotile;;;
Tissus;FERLAM;TISSU 864/866;03/1996;;3;Chrysotile;;;
Tissus;FERLAM;TISSU 6110/6140;03/1996;;3;Chrysotile;;;
Tissus;FERLAM;TISSU 6200/6280;03/1996;;3;Chrysotile;;;
Tissus;FERODO;UNIDECOR;;;;;;;
Tresses;GEB;FIRESEAL;03/1996;;3;Chrysotile;;;
Tresses;;GROSSLITE;;;6;Chrysotile;;;
Tresses;;FIREFY;;;6;Chrysotile;;;
Tresses;;SOLEX;;;6;Chrysotile;;;
Tresses;;SUPER TEMPEX;;;6;Chrysotile;;;
Tresses;LATTY INTERNATIONAL;LATTY FLON 1775;02/1996;;3;Amiante;;;
Tresses;LATTY INTERNATIONAL;LATTY FLON 1789;02/1996;;3;Amiante;;;
Tresses;LATTY INTERNATIONAL;LATTY TEX 117;02/1996;;3;Amiante;;;
Tresses;LATTY INTERNATIONAL;LATTY TEX 313 INC;02/1996;;3;Amiante;;;
Tresses;LATTY INTERNATIONAL;LATTY TEX 1761 AF-AL;02/1996;;3;Amiante;;;
Tresses;PATURET-DUBOIS et FILS;PADUFLON;;;;;;;
Tresses;PATURET-DUBOIS et FILS;PADUSOL;;;;;;;
Tresses;PATURET-DUBOIS et FILS;PADUTEX;;;;;;;
Tresses;GEB;PROFEU TRESSE D'AMIANTE;;03/1996;3;Chrysotile;;;
Tresses;FERLAM;TRESSE 123 E;03/1996;;3;Chrysotile;;;
Tresses;FERLAM;TRESSE 128 E;03/1996;;3;Chrysotile;;;
Tresses;FERLAM;TRESSE 130 E;03/1996;;3;Chrysotile;;;
Tresses;GEB;TRESSE D'AMIANTE;03/1996;;3;Chrysotile;;;
Frein;ABEXEQUIPEMENTS; ABEX 331;03/1996;;;;;;
Frein;FERODO ABEX;250;fin 1996;;3;Chrysotile;Matériaux de friction;;
Frein;FERODO ABEX;254;fin 1996;;3;Chrysotile;Matériaux de friction;;
Frein;FERODO ABEX;303;fin 1996;;3;Chrysotile;Matériaux de friction;;
Frein;FERODO ABEX;331;fin 1996;;3;Chrysotile;Matériaux de friction;;
Frein;FERODO ABEX;346;fin 1996;;3;Chrysotile;Matériaux de friction;;
Frein;FERODO ABEX;349;fin 1996;;3;Chrysotile;Matériaux de friction;;
Frein;FERODO ABEX;413;fin 1996;;3;Chrysotile;Matériaux de friction;;
Frein;FERODO ABEX;416;fin 1996;;3;Chrysotile;Matériaux de friction;;
Frein;FERODO ABEX;417;fin 1996;;3;Chrysotile;Matériaux de friction;;
Frein;FERODO ABEX;425;fin 1996;;3;Chrysotile;Matériaux de friction;;
Frein;FERODO ABEX;427;fin 1996;;3;Chrysotile;Matériaux de friction;;
Frein;FERODO ABEX;121;;;6;Amiante;Matériaux de friction;;
Frein;FERODO ABEX;200;;;6;Amiante;Matériaux de friction;;
Frein;FERODO ABEX;203;;;6;Amiante;Matériaux de friction;;
Frein;FERODO ABEX;231;;;6;Amiante;Matériaux de friction;;
Frein;FERODO ABEX;251;;;6;Amiante;Matériaux de friction;;
Frein;FERODO ABEX;253;;;6;Amiante;Matériaux de friction;;
Frein;FERODO ABEX;301;;;6;Amiante;Matériaux de friction;;
Frein;FERODO ABEX;309;;;6;Amiante;Matériaux de friction;;
Frein;FERODO ABEX;311;;;6;Amiante;Matériaux de friction;;
Frein;FERODO ABEX;334;;;6;Amiante;Matériaux de friction;;
Frein;FERODO ABEX;335;;;6;Amiante;Matériaux de friction;;
Frein;FERODO ABEX;336;;;6;Amiante;Matériaux de friction;;
Frein;FERODO ABEX;342;;;6;Amiante;Matériaux de friction;;
Frein;FERODO ABEX;355;;;6;Amiante;Matériaux de friction;;
Frein;FERODO ABEX;360;;;6;Amiante;Matériaux de friction;;
Frein;FERODO ABEX;383;;;6;Amiante;Matériaux de friction;;
Frein;FERODO ABEX;385;;;6;Amiante;Matériaux de friction;;
Frein;FERODO ABEX;386;;;6;Amiante;Matériaux de friction;;
Frein;FERODO ABEX;388;;;6;Amiante;Matériaux de friction;;
Frein;FERODO ABEX;389;;;6;Amiante;Matériaux de friction;;
Frein;FERODO ABEX;411;;;6;Amiante;Matériaux de friction;;
Frein;FERODO ABEX;470;;;6;Amiante;Matériaux de friction;;
Frein;FERODO ABEX;481;;;6;Amiante;Matériaux de friction;;
Frein;FERODO ABEX;503;;;6;Amiante;Matériaux de friction;;
Frein;FERODO ABEX;508;;;6;Amiante;Matériaux de friction;;
Frein;FERODO ABEX;532;;;6;Amiante;Matériaux de friction;;
Frein;FERODO ABEX;608;;;6;Amiante;Matériaux de friction;;
Frein;FERODO ABEX;618;;;6;Amiante;Matériaux de friction;;
Frein;FERODO ABEX;631;;;6;Amiante;Matériaux de friction;;
Frein;FERODO ABEX;640;;;6;Amiante;Matériaux de friction;;
Frein;FERODO ABEX;679;;;6;Amiante;Matériaux de friction;;
Frein;FERODO ABEX;815;;;6;Amiante;Matériaux de friction;;
Frein;FLERTEX;271;02/1996;;3;Chrysotile;Matériaux de friction;;
Frein;FLERTEX;301;02/1996;;3;Chrysotile;Matériaux de friction;;
Frein;FLERTEX;504;02/1996;;3;Chrysotile;Matériaux de friction;;
Frein;FLERTEX;535;02/1996;;3;Chrysotile;Matériaux de friction;;
Frein;FLERTEX;562;02/1996;;3;Chrysotile;Matériaux de friction;;
Frein;FLERTEX;607;02/1996;;3;Chrysotile;Matériaux de friction;;
Frein;FLERTEX;608;02/1996;;3;Chrysotile;Matériaux de friction;;
Frein;FLERTEX;609;02/1996;;3;Chrysotile;Matériaux de friction;;
Frein;FLERTEX;641;02/1996;;3;Chrysotile;Matériaux de friction;;
Frein;FLERTEX;644;02/1996;;3;Chrysotile;Matériaux de friction;;
Frein;FLERTEX;661;02/1996;;3;Chrysotile;Matériaux de friction;;
Frein;ALLIED SIGNAL;S 688;02/1996;;3;Chrysotile;Matériaux de friction;;
Isolateur électrique;FERLAM;GAINE 232;;03/1996;3;Chrysotile;;;Isolant
Isolateur électrique;FERLAM;GAINE 223 E;;03/1996;3;Chrysotile;;;Isolant
Joint;TROUVAY et CAUVIN;LATTY;1995;;;;;;
Joint;TROUVAY et CAUVIN;PATOURET-DUBOIS;1995;;;;;;
Joint;TROUVAY et CAUVIN;FERLAM;1995;;;;;;
Joint;TROUVAY et CAUVIN;TURNER;1995;;;;;;
Joint;TROUVAY et CAUVIN;SIEM;1995;;;;;;
Joint;TROUVAY et CAUVIN;EMI CURTY;1995;;;;;;
Joint;TROUVAY et CAUVIN;BELDARIT;1995;;;;;;
Joint;TROUVAY et CAUVIN;EMIRIT;1995;;;;;;
Joint;TROUVAY et CAUVIN;EXCELSIORIT-CURTIT;1995;;;;;;
Joint;DELTA-JOINT;HYDROMETALIT;;;6;Amiante;;;
Joint;MOULINS DE SALIENS;HYDROMIDIT 53;03/1996;;7;Chrysotile;;;
Joint;MOULINS DE SALIENS;HYDROMIDIT 74;03/1996;;7;Chrysotile;;;
Joint;MOULINS DE SALIENS;HYDROMIDIT 95;03/1996;;7;Chrysotile;;;
Joint;TROUVAY ET CAUVIN;KLINGER 41 (3XA);12/1992;;7;Amiante;;;
Joint;TROUVAY ET CAUVIN;KLINGER 80;07/1989;;3;Chrysotile;;;
Joint;TROUVAY ET CAUVIN;KLINGER 200;;;6;Amiante;;;
Joint;TROUVAY ET CAUVIN;KLINGER 290 D;;;6;Amiante;;;
Joint;TROUVAY ET CAUVIN;KLINGER OILIT (3XA);;;6;Amiante;;;
Joint;TROUVAY ET CAUVIN;KLINGERFLEX CH 1;;;6;Amiante;;;
Joint;TROUVAY ET CAUVIN;KLINGERIT (3XA);;;6;Amiante;;;
Joint;TROUVAY ET CAUVIN;1000;;;6;Amiante;;;
Joint;TROUVAY ET CAUVIN;UNIVERSAL (3XA);;;6;Amiante;;;
Joint;LAFARGE;LANCO 119;;;;;;;
Joint;LATTY INTERNATIONAL;LATTY PACK TRESSADIANT;02/1996;;3;Amiante;;;
Joint;LATTY INTERNATIONAL;LATTY RIT 200;02/1996;;3;Chrysotile;;;
Joint;LATTY INTERNATIONAL;LATTY RIT 2000 METALLIC;02/1996;;;;;;
Joint;LATTY;LATTY RIT SUPERSERVICE 25;;09/1997;3;Chrysotile;;;
Joint;TROUVAY et CAUVIN;LLOYD PERMANITE;1995;;;;;;
Joint;LATTY INTERNATIONAL;METALLIC;02/1996;;3;Chrysotile;;;
Joint;LATTY INTERNATIONAL;MULTISERVICE;02/1996;;3;Chrysotile;;;
Joint;SIEM; OIL;;;;;;;
Joint;SIEM; OIL SR;;;;;;;
Joint;LATTY INTERNATIONAL;SUPER ACID;02/1996;;3;Chrysotile;;;
Joint;TROUVAY et CAUVIN;SUPRANITE;1995;;;;;;
Joint;SIEM;SUPRANITE ACID;01/1996;;3;Chrysotile;;;
Joint;SIEM;SUPRANITE OIL;01/1996;;3;Chrysotile;;;
Joint;SIEM;SUPRANITE OIL SR;01/1996;;3;Chrysotile;;;
Joint;SIEM;SUPRANITE OIL SRN;01/1996;;3;Chrysotile;;;
Joint;SIEM;SUPRANITE SR;01/1996;;3;Chrysotile;;;
Joint;SIEM;SUPRANITE SRN;01/1996;;3;Chrysotile;;;
Joint;TROUVAY ET CAUVIN;WB 1;;;6;Amiante;;;
Matériaux composites;FERODO;FERLAM;;;;;;;
Matériaux composites;ROCLAINE/CAPE;MARINITE 36 et 45;;;;;;;
Matériaux composites;ISOMACO;TEXCOTE;;;;;;;
Matière plastique;PERSTORP;847;1995;;7;Amiante;;;
Matière plastique;PERSTORP;849;1995;;7;Amiante;;;
Nez de marches;FERODO;FERODO;;;;;;;
Revetement muraux;FORBO SARLINO;COLOVINYL;1983;;8;Chrysotile;;COLOVINYL AF;Revetement
Revetement muraux;CORDUAL;DECOVER;;;;;;;Revetement
Revetement muraux;FORBO SARLINO;NOVILON;1981;;1;Chrysotile;;;Revetement
Revetement muraux;FERLAM/FERODO;STRAIRLAM;;;;;;;Revetement
Revetement de sols en dalles ou en rouleaux;GRIFFINE MARECHAL;AD DAL;07/1986;;;;;;Revetement
Revetement de sols en dalles ou en rouleaux;DALAMI;ARDOISIN;07/1985;;;;;;Revetement
Revetement de sols en dalles ou en rouleaux;;ARMAZOL;07/1990;06/1982;3;;;;Revetement
Revetement de sols en dalles ou en rouleaux;SIRS;BALLADE DECOR;07/1990;;;;;;Revetement
Revetement de sols en dalles ou en rouleaux;SIRS;BALLADE SI DECOR;07/1985;;;;;;Revetement
Revetement de sols en dalles ou en rouleaux;SARLINO;COLOVINYL;07/1985;;;;;;Revetement
Revetement de sols en dalles ou en rouleaux;IND. REMOISE DU LINOLEUM FORBO-SARLINO;COLOVINYL-SARLINO;;;;;;;Revetement
Revetement de sols en dalles ou en rouleaux;;DALAMI;07/1988;;;Amiante;;;Revetement
Revetement de sols en dalles ou en rouleaux;DALAMI (ETERNIT) SUDISOL;DALFLEX;09/1986;1982;;;;;Revetement
Revetement de sols en dalles ou en rouleaux;SIRS;DALLE SI DECOR;;;;;;;Revetement
Revetement de sols en dalles ou en rouleaux;SOMMER;DALLE BALADE;07/1988;;;;;;Revetement
Revetement de sols en dalles ou en rouleaux;DALAMI;DALLE SI;07/1988;;;;;;Revetement
Revetement de sols en dalles ou en rouleaux;SOMMER;DALLE SOL;07/1990;;;;;;Revetement
Revetement de sols en dalles ou en rouleaux;MARECHAL;DALIDAL/DECORA;;;;;;;Revetement
Revetement de sols en dalles ou en rouleaux;SIRS;DALSOL DECOR;1982;;;;;;Revetement
Revetement de sols en dalles ou en rouleaux;SIRS;DALLE SI DECOR;;;;;;;Revetement
Revetement de sols en dalles ou en rouleaux;SIRS;DALFLEX DECOR;;;;;;;Revetement
Revetement de sols en dalles ou en rouleaux;DALAMI;DARFLEX;1982;;;;;;Revetement
Revetement de sols en dalles ou en rouleaux;DALAMI;DARFLEX DECOR;07/1990;;;;;;Revetement
Revetement de sols en dalles ou en rouleaux;SOMMER;DARFLEX DECOR;10/1986;;;;;;Revetement
Revetement de sols en dalles ou en rouleaux;SIRS;DARFLEX DECOR;10/1986;;;;;;Revetement
Revetement de sols en dalles ou en rouleaux;SOMMER;DARFLEX SUPER;10/1986;;1;Chrysotile;;;Revetement
Revetement de sols en dalles ou en rouleaux;DLW FRANCE;DELIFLEX FK;12/1978;;;;;;Revetement
Revetement de sols en dalles ou en rouleaux;AMSTRONG CORK;EXCELON TRA (M);07/1986;;;;;;Revetement
Revetement de sols en dalles ou en rouleaux;AMSTRONG;EXCELLON TRA (N);07/1980;;;;;;Revetement
Revetement de sols en dalles ou en rouleaux;AMSTRONG CORK;EXCELON TRAVERT;07/1982;;;;;;Revetement
Revetement de sols en dalles ou en rouleaux;GERLAND;GERFLOR;07/1982;;;;;;Revetement
Revetement de sols en dalles ou en rouleaux;GERLAND;GERFLOR SRS;;;;;;;Revetement
Revetement de sols en dalles ou en rouleaux;GERLAND SOLS ET REVETEMENTS;GERFLOR 600;07/1981;1979;;;;;Revetement
Revetement de sols en dalles ou en rouleaux;GERLAND SOLS ET REVETEMENTS;GERFLOR 900;07/1981;1979;;;;;Revetement
Revetement de sols en dalles ou en rouleaux;GERLAND SOLS ET REVETEMENTS;GERFLOR 1100;07/1981;;;;;;Revetement
Revetement de sols en dalles ou en rouleaux;GERLAND SOLS ET REVETEMENTS;GERFLOR 1200;07/1981;;;;;;Revetement
Revetement de sols en dalles ou en rouleaux;GERLAND SOLS ET REVETEMENTS;GERFLOR 4000;1979;1980;;;;;Revetement
Revetement de sols en dalles ou en rouleaux;GERLAND SOLS ET REVETEMENTS;GERFLOR SR;1980;1979;;;;;Revetement
Revetement de sols en dalles ou en rouleaux;GERLAND SOLS ET REVETEMENTS;GERFLOR SRS;1980;1979;;;;;Revetement
Revetement de sols en dalles ou en rouleaux;SARLINO;NOVILON;1979;;;;;;Revetement
Revetement de sols en dalles ou en rouleaux;PATURET-DUBOIS et FILS;PADUSOL;07/1978;;;;;;Revetement
Revetement de sols en dalles ou en rouleaux;DEUTSCHE LINOLEUM;PLASTINO RELIEF;01/1995;;;;;;Revetement
Revetement de sols en dalles ou en rouleaux;DEUTSCHE LINOLEUM;PREAFLEX;10/1977;;;;;;Revetement
Revetement de sols en dalles ou en rouleaux;STE DU LINOLEUM;PREFLEX;07/1981;;;;;;Revetement
Revetement de sols en dalles ou en rouleaux;GERLAND;VALSOL SUPER;11/1988;;;;;;Revetement
Revetement de sols en dalles ou en rouleaux;GRIFFINE MARECHAL;VENILIA;;;;;;;Revetement
Revetement de sols en dalles ou en rouleaux;GRIFFINE MARECHAL;VENILIA ROMAGNE;07/1987;;;;;;Revetement
Revetement de sols en dalles ou en rouleaux;GRIFFINE MARECHAL;VINYLE AMIANTE;;;;;;;Revetement
Porte;ISBA/FERODO;BLOC PORTE AVEC PANOCELL;;;;;;;
Porte;LUTERMAX-STIMEX;BLOC PORTE PICAL;;;;;;;
Porte;LUTERMAX-STIMEX;ASBETOLUX;;;;;;;
Porte;LUTERMAX-STIMEX;PROMABEST;;;;;;;
Porte;COUCHEROUX;ISOFEU;;;;;;;
Porte;MINEUR-BECOURT;PORTES COULISSANTES ET PIVOTANTES AVEC PICAL;;;;;;;
Porte;KRIEG et ZIVY;PORTE PALIERE;;;;;;;
Porte;PRIM/STE;PLASTIQUES RENFORCES PORTE PALIERE AVEC COTON D'AMIANTE;;;;;;;
Chaudière;;AIRLEC;;;;;;;
Chaudière;;APPLIMO;;;;;;;
Chaudière;;AUER;;;;;;;
Chaudière;CALDER;(CARTON d'AMIANTE);1975;;;;;;
Chaudière;BAUKNECHT;(PLAQUES);1981;;;;;;
Chaudière;BOULLET;(PANNEAU CENTRAL);;;;;;;
Chaudière;;CAMPA;;;;;;;
Chaudière;;CIE EUROP. ELECRO. THER;;;;;;;
Chaudière;;DE DIETRICH THERMIQUE;;;;;;;
Chaudière;DEVILLE;JOINTS;1990;;;;;;
Chaudière;;LAIDET;;;;;;;
Chaudière;;STE NOUVELLE LEMERCIER;;;;;;;
Chaudière;NOIROT;(RESISTANCE SUR AMIANTE);1982;;;;;;
Chaudière;;SERMES SIEMENS;;;;;;;
Chaudière;;STIEBEL ELTRON France;;;;;;;
Chaudière;;THERMEREM;;;;;;;
Chaudière;;THERMOR;1985;;;;;;
Chaudière;;VERGER DELPORTE;;;;;;;
Porte d'ascenseur;SBM/SCHMID-BRUNETON-MORIN;(AMIANTE CAOUTCHOUTE);;;;;;;Porte
Porte d'ascenseur;;MATHER + PLATT WORMALD;;;;;;;Porte
Porte d'ascenseur;LUNMINY GATTI BOUZO;(ASBESTOLUX);;;;;;;Porte
Porte d'ascenseur;BOULLET;(ASBESTOLUX ASBESTING);;;;;;;Porte
Porte d'ascenseur;FORMICA;(FEUILLE D'AMIANTE);;;;;;;Porte
Porte d'ascenseur;SATM;RIDEAU COUPE FEU;;;;;;;Porte
Porte d'ascenseur;SATM;(FEUILLE D'AMIANTE ENTRE ACIER ONDULE);;;;;;;Porte
Porte d'ascenseur;GATTI;LUMINY;;;;;;;Porte
Porte d'ascenseur;GATTI;(ASBESTOLUX);;;;;;;Porte
Porte d'ascenseur;PEIGNEN;(PANOCELLL);;;;;;;Porte
Porte d'ascenseur;ROUX-COMBALUZIER (SCHINDLER);(PANOCELLL);;;;;;;Porte
Porte d'ascenseur;GUBRI-PORTAVIA;(PANOCELL, MARINITE, ASBESTOLUX);;;;;;;Porte
Porte d'ascenseur;ASCINTER-OTIS;(PICAL);;;;;;;Porte
Porte d'ascenseur;BON ET NAGA;(PICAL);;;;;;;Porte
Porte d'ascenseur;DRECK;(PICAL);;;;;;;Porte
Porte d'ascenseur;FICHET BAUCHE;(PICAL);;;;;;;Porte
Porte d'ascenseur;FRIMEX;(PICAL);;;;;;;Porte
Porte d'ascenseur;MINEUR-BECOURT;(PICAL);;;;;;;Porte
Porte d'ascenseur;POLYPLAC;(PICAL);;;;;;;Porte
Porte d'ascenseur;RENITEX;(PICAL);;;;;;;Porte
Porte d'ascenseur;ATEMO;(PLAQUES D'AMOSITE);;;;;;;Porte
Porte d'ascenseur;PORTAVIA;voir GUBRI;;;;;;;Porte
Porte d'ascenseur;BICHON-RAYNAL;PORTE BR;;;;;;;Porte
Porte d'ascenseur;SCHINDLER;PORTE D'ASCENSEUR AVEC CARTON D'AMIANTE;;;;;;;Porte
Radiateurs;;AIRLEC;;;;;;;
Radiateurs;;APPLIMO;;;;;;;
Radiateurs;;AUER;;;;;;;
Radiateurs;CADLER;(CARTON D'AMIANTE);1975;;;;;;
Radiateurs;BOULLET;(PANNEAU CENTRAL);;;;;;;
Radiateurs;BAUKNECHT;(PLAQUES);1981;;;;;;
Radiateurs;;CAMPA;;;;;;;
Radiateurs;;Cie EUROP. ELECTRO THER.;;;;;;;
Radiateurs;;DE DIETRICH THERMIQUE;;;;;;;
Radiateurs;DEVILLE;(JOINTS);1990;;;;;;
Radiateurs;;LAIDET;;;;;;;
Radiateurs;;STE NOUV. LERMERCIER;;;;;;;
Radiateurs;NOIROT;(RESISTANCE SUR AMIANTE);1982;;;;;;
Radiateurs;;SERMES;;;;;;;
Radiateurs;;SIEMENS;;;;;;;
Radiateurs;;STIEBEL ELTRON FRANCE;;;;;;;
Radiateurs;;THERMEREN;;;;;;;
Radiateurs;;THERMOR;1985;;;;;;
Radiateurs;;VERGER DELPORTE;;;;;;;
PRODUCT;ISOMACO,CMA;ASBESTOSPRAY;;;;;;;
PRODUCT;ROXOR,CAFCO-EUROPE;CAFCO - BLAZE-SHIELD D CAFCOTE;;;;;;;
Isolant thermique;CAOUREP SA;CAOUREP LM 77/77;04/1997;;3;Chrysotile;;;Isolant
PRODUCT;FERLAM;FIBRETTE;;;;;;;
Isolant thermique;DFC;FIBROCIMENT;1996;;;Chrysotile;;;Isolant
Isolant thermique;DFC;FLOC D'AMIANTE;1996;;;Chrysotile;;;Isolant
PRODUCT;ITA;ITAMIANTE;;;;;;;
PRODUCT;WANNER, FERODO, TURNERS;LIMPET;;;;;;;
PRODUCT;SPRAYED INSULATION (GB), CARON, DEP. PROC. FRIMEX (F);SILBESTOS;;;;;;;
PRODUCT;ISOMACO;SPRAYCRAFT C;;;;;;;
PRODUCT;LES ISOLANTS D'AQUITAINE, BORDEAUX;VERMIANTE;;;;;;;
PRODUCT;LES ISOLANTS D'AQUITAINE, BORDEAUX;VERMIFIBRE;;;;;;;
PRODUCT;ETERNIT, AGRIPLAQUE;;;;;;;;
PRODUCT;DFC;AJR 00A;1996;;;;;;
PRODUCT;EMAILLERIE ALSACIENNE;ALSA CB AC;02/1993;;;;;;
PRODUCT;ISOVER ST-GOBAIN;AMIABEL SAFARI;1986;;;;;;
PRODUCT;BRISOTTO;ARDEN;02/1985;;;;;;
PRODUCT;ETERNIT INDUSTRIES;ARDOISE ETERNIT;07/1992;;;;;;
Amiante-ciment;EVERITE;ARDOISE THELEME (anc. ARMOR);02/1996;;3;Chrysotile;;;
PRODUCT;ETERNIT;ARDOISE TN NOIR;;;6;Amiant;;;
PRODUCT;EVERITE;ARMOR;;;;;;;
PRODUCT;ISOTHELME;ASBESTEX 3 C;;;;;;;
PRODUCT;SERCI/ISOTHELME;ASBESTEX;;;;;;;
Amiante-ciment;ISOTHELME;ASBESTEX 3 C;;;;Chrysotile;;;
Amiante-ciment;ISOTHELME;SPECIAL VERRERIE;;;;Chrysotile;;;
PRODUCT;EVERITE;ASBESTHIG;;;;;;;
PRODUCT;EVERITE;ASBESTOLUX;1984;;;;;;
PRODUCT;ETERNIT;BARDENIT;;;;;;;
PRODUCT;ETERNIT;BARTENIT;12/1979;;;;;;
PRODUCT;ETERNIT;BARDENIT;07/1979;;;;;;
PRODUCT;EVERITUBE;CANALIT;03/1977;;;;;;
PRODUCT;EVERITUBE;CANALIT PL PG n° 5/77-185;04/1981;;;;;;
PRODUCT;EVERITUBE;CANALIT PL PG n° 5/79-253;04/1981;;;;;;
PRODUCT;EVERITUBE;CANALIT n° 5/73-39;03/1977;;;;;;
PRODUCT;EVERITUBE;CANALIT n° 5/81-342;04/1987;;;;;;
PRODUCT;EVERITE;CANALITE 235;;;;;;;
PRODUCT;EMAILLERIE ALSACIENNE;CB AC;10/1986;;;;;;
PRODUCT;EMAILLERIE ALSACIENNE;CBL;04/1980;;;;;;
PRODUCT;EMAILLERIE ALSACIENNE;CBP;04/1980;;;;;;
PRODUCT;ISOSTA;CELLOSTA n° 6/75-33;11/1986;;;;;;
PRODUCT;ISOSTA;CELLOSTA n° 6/77-52;11/1986;;;;;;
PRODUCT;CHP;CHP;02/1995;;;;;;
PRODUCT;FILLOD;CLT 2/74-12;05/1982;;;;;;
PRODUCT;FILLOD;CLT2/82-67;05/1982;;;;;;
Amiante-ciment;ETERNIT;COLORAGRI FR CC;06/1996;;3;Chrysotile;;;
Amiante-ciment;ETERNIT;COLORONDE FR; FR CC;06/1996;3;Chrysotile;;;
PRODUCT;ETERNIT; COLORONDE;;;;;;;
PRODUCT;COMM. D'EXP. INDUS.;CS 51;environ 1985;;7;Amiante;;;
Bardage;ECONEX-SOFILEX;DALMALIT;01/1990;;1;Amiante;;;
PRODUCT;DBF;DBF;02/1985;;;;;;
PRODUCT;SFIC;DURASTEEL;;;;;;;
PRODUCT;BUCHTAL, CASCO NOBEL et ETERNIT INDUSTRIES;EBC;;;;;;;
PRODUCT;LAFARGE NOUVEAUX MATERIAUX et SOFILEX ISOLATION;ECONEX;03/1991;;;;;;
PRODUCT;LAFARGE NOUVEAUX MATERIAUX et SOFILEX ISOLATION;ECONEXTYPE CF;03/1991;;;;;;
PRODUCT;COMPTOIR TUILIER DU NORD;EPIPLAQUE 5/76-171;07/1982;;;;;;
PRODUCT;COMPTOIR TUILIER DU NORD;EPIPLAQUE 5/78-222;07/1982;;;;;;
PRODUCT;PACEMA;ETERBRIC;02/1992;;;;;;
Bardage;ETERNIT;ETERCOLOR;09/1982;;3;Chrysotile;;;
Tuyaux;ETERNIT;ETER-DRAIN;06/1996;;3;Chrysotile;;;
PRODUCT;ETERNIT;ETERNA;;;;;;;
PRODUCT;ETERNIT;ETERNIT;12/1977;;;;;;
Plan;ETERNIT;ETERPLAN;06/1996;;3;Chrysotile;;;
PRODUCT;ETERNIT INDUSTRIES;ETERPLAN REVETE n° 2/84-91;06/1988;;;;;;
PRODUCT;ETERNIT INDUSTRIES;ETERPLAN REVETE n° 2/85-111;06/1988;;;;;;
PRODUCT;ETERNIT;ETER ROC;;;;;;;
PRODUCT;ETERNIT;ETER ROC CS;;;;;;;
Tuyaux;ETERNIT;ETER-ROC 12000;06/1996;;3;Chrysotile;;;
Tuyaux;ETERNIT;ETER-ROC 18000 CS;06/1996;;3;Chrysotile;;;
PRODUCT;EVERITE; EVERIFEU;;;;;;;
Amiante-ciment;EVERITE;EVERIPLAN;02/1996;;3;Chrysotile;;;
PRODUCT;TECTOR (EVERITE);EVERISOL;;;;;;;
PRODUCT;EVERITUBE;EVERISOL;12/1987;;;;;;
PRODUCT;EVERITE;EVERISOL;07/1992;;;;;;
PRODUCT;EVERITE;EVERITE;;;;;;;
PRODUCT;EVERITE;EVERITHERM;;;;;;;
PRODUCT;TECTOR;EVERITHERM;01/1994;;;;;;
PRODUCT;EVERITE;EVERITUBE;;;;;;;
PRODUCT;EVERITUBE;EVERMETIC;04/1984;;;;;;
PRODUCT;PONT A MOUSSON;EVERMETIC L;;;;;;;
PRODUCT;QUILLE;FACISOL 85;04/1987;;;;;;
PRODUCT;QUILLE;FACISOL 85-90 (VARIANTES E1 et E2 seulement);;;;;;;
PRODUCT;STE DU FIBROCIMENT, TRIEL;FIBROCIMENT;;;;;;;
Bardage;ECONEX-SOFILEX; FRANCOLIT;01/1990;;1;Amiante;;;
PRODUCT;EVERITE;FRANCONIT;;;;;;;
PRODUCT;EMAILLERIE ALSACIENNE;GBK;04/1980;;;;;;
PRODUCT;ATMB;GECELLPLAN 6/73-5;10/1986;;;;;;
PRODUCT;ATMB;GECELLPLAN 6/79-121;10/1986;;;;;;
PRODUCT;ATMB;GECELLPLAN 6/80-130;10/1986;;;;;;
Plan;ETERNIT;GLASAL;06/1996;;3;Chrysotile;;;
PRODUCT;FERLAM - ETERNIT ST-ELO à TRIEL;GLASAL ELO VULCAL;;;;;;;
Plan;FERLAM - ETERNIT ST-ELO à TRIEL;GRANITAL;06/1996;;3;Chrysotile;;;
PRODUCT;ALUSUISSE;ICKLER CLICKPRE;05/1981;;;;;;
PRODUCT;ETERNIT;ISOLONDE;;;;;;;
PRODUCT;;ISONIFLEX;;;;;;;
PRODUCT;;INSONIT;;;;;;;
PRODUCT;ETERNIT;INTERLISS CS;06/1995;;;;;;
PRODUCT;LAFARGE NOUVEAUX MATERIAUX et SOFILEX ISOLATION;ISOFARGE 6.1;03/1991;;;;;;
PRODUCT;LAFARGE NOUVEAUX MATERIAUX et SOFILEX ISOLATION;ISOFARGE 6.2;03/1991;;;;;;
PRODUCT;FIBROCIMENT de POISSY;ISOFIBRO;;;;;;;
PRODUCT;;ISOLEX;;;;;;;
PRODUCT;;ISOLANTS D'AQUITAINE (LES);;;;;;;
PRODUCT;ISOSTA;ISOSTA;11/1986;;;;;;
PRODUCT;ISOSTA;ISOSTA CB AC;12/1992;;;;;;
PRODUCT;ISOSTA;ISOSTA CB AC n° 2/92-277;;;;;;;
PRODUCT;ISOLBA;ISOTEX 100;07/1994;;;;;;
Plan;ETERNIT;ISOTONE;06/1996;;3;Chrysotile;;;
PRODUCT;JOSSERMOZ;JOSSERMOZ AC;06/1980;;;;;;
PRODUCT;PREFABRICATION MODERNE;KAPPA GL;11/1986;;;;;;
PRODUCT;POLYPLAC;KLEGEPAN;12/1979;;;;;;
PRODUCT;LRC; LRC 124 n° 2/81-64;07/1984;;;;;;
PRODUCT;LRC; LRC 124 n° 2/84-90;11/1985;;;;;;
PRODUCT;COPREBAT;MAISON 124;04/1988;;;;;;
Amiante-ciment;ETERNIT;MANSARD;06/1996;;3;Chrysotile;;;
PRODUCT;CAPE INDUSTRIAL PRODUCTS;MARINITE 36 & 45;1979;;;;;;
PRODUCT;MATFOR;MATFOR;;;;;;;
PRODUCT;MATRA;MATRA 2;12/1979;;;;;;
PRODUCT;EVERITUBE;MAXIPLAQUE N° 5/73-38;06/1977;;;;;;
PRODUCT;EVERITUBE;MAXIPLAQUE N° 5/80-283;10/1981;;;;;;
PRODUCT;EVERITUBE;MAXIPLAQUE N° 5/81-364;01/1987;;;;;;
PRODUCT;ETERNIT;MENUISERITE;;;;;;;
PRODUCT;ETERNIT;SUPER-MENUISERITE;;;;;;;
Panneau;MIGUET/EVERITE;MIG 21;09/1985;;5;Amiante;;;
PRODUCT;EVERITE;MIG 21;;;;;;;
PRODUCT;BUTINCO et WANNER-ISOFI;NESLO;;;;;;;
Bardage;ECONEX-SOFILEX;NOVOLIT;01/1990;;1;Amiante;;;
PRODUCT;ONDACIER;ONDACIER;;;;;;;
Plan;ETERNIT;PANELO 1000;06/1996;;3;Chrysotile;;;
Plan;ETERNIT;PANELO 2000;06/1996;;3;Chrysotile;;;
PRODUCT;ATMB;PANELOLIEGE;10/1986;;;;;;
PRODUCT;POLYPLAC;PANELOLIEGE SP;12/1979;;;;;;
PRODUCT;;PANOLAND;;;;;;;
Amiante-ciment;EVERITE;PLAQUE ONDULEE EVERITE;02/1996;;3;Chrysotile;;;
Amiante-ciment;ETERNIT;PLAQUE ONDULEE TN;06/1996;;3;Chrysotile;;;
Amiante-ciment;ETERNIT;PLAQUE ONDULEE TN FR;06/1996;;3;Chrysotile;;;
Amiante-ciment;ETERNIT;PLAQUE ONDULEE TN FR CC;06/1996;;3;Chrysotile;;;
Amiante-ciment;ETERNIT;PLAQUE PLANE FC;;;6;Chrysotile;;;
PRODUCT;TURNERS ASBESTOS;POILITE;;;;;;;
PRODUCT;POLYPLAC;POLYOLAC;12/1979;;;;;;
Amiante-ciment;PROMAT;PROMABEST H;12/1983;;5;Chrysotile;;;
PRODUCT;ETERNIT;PST 230;04/1979;;;;;;
Plan;ETERNIT;QUADRISOL 500;06/1996;;3;Chrysotile;;;
Bardage;ECONEX-SOFILEX;REIBELIT;01/1990;;1;Amiante;;;
Bardage;ECONEX-SOFILEX;RUSTICAL;12/1996;;1;Amiante;;;
PRODUCT;ATMB;SANDOLIT;10/1986;;;;;;
PRODUCT;ETERNIT INDUSTRIES et FISHER;SGS;;;;;;;
PRODUCT;SOBA;SOBALITE;;;;;;;
PRODUCT;ETERNIT;SOUTISOL;;;;;;;
PRODUCT;ETERNIT;SOUTUILE;;;;;;;
PRODUCT;ETERNIT INDUSTRIES;SOUTUILE 1;;;;;;;
PRODUCT;ETERNIT INDUSTRIES;SOUTUILE 65 FR;;;;;;;
PRODUCT;ETERNIT INDUSTRIES;SOUTUILE 190 et 230 n° 5/93-990;;;;;;;
PRODUCT;ETERNIT INDUSTRIES;SOUTUILE 190 et 230 n° 5/95-1161;;;;;;;
PRODUCT;EVERITUBE;STRUCTUREX BARD;;;;;;;
PRODUCT;EVERITUBE;STRUCTUREX COUV;03/1984;;;;;;
PRODUCT;ISOMECA;SYNDANIO;;;;;;;
PRODUCT;ISOMECA (avant TENMAT SNC);SINDANYO CS 51;07/1996;;3;Chrysotile;;;
PRODUCT;ISOMECA (avant TENMAT SNC);SINDANYO CS 80;07/1996;;3;Chrysotile;;;
PRODUCT;ISOMECA (avant TENMAT SNC);SINDANYO CS 86;07/1996;;3;Chrysotile;;;
PRODUCT;FIBROCIMENT de POISSY;SUPERISOPFIBRO;;;;;;;
PRODUCT;EVERITE;THELEME;;;;;;;
PRODUCT;FIBRALITH;THERMAVETURE;10/1991;;;;;;
PRODUCT;KNAUF;THERMAVETURE;THERMADECO;;;;;;
PRODUCT;FIBRALITH;THERMAVERTURE;10/1991;;;;;;
PRODUCT;FIBRALITH GIE;THERMAVERTURE;10/1995;;;;;;
PRODUCT;SNMI;THERMIPAN AC;10/1990;;;;;;
PRODUCT;SNMI;THERMIPLAN AC n° 2/90-215;;;;;;;
Amiante-ciment;ETERNIT;TREGOR;06/1996;;3;Chrysotile;;;
PRODUCT;ETERNIT INDUSTRIES;TULOISE;12/1992;;;;;;
PRODUCT;TURNERS ASBESTOS CIMENT;TURNALL;;;;;;;
PRODUCT;ETERNIT;UNIVIT;;;;;;;
Tuyaux;ETERNIT;UNIVIT PLUS;06/1996;;3;Chrysotile;;;
PRODUCT;;VERPAL;;;;;;;
PRODUCT;;VERPALIT;;;;;;;
PRODUCT;;VEROC;;;;;;;
PRODUCT;;VERPALUX;;;;;;;
Panneau;ISOVER ST-GOBAIN;VERTIBEL xxy (si x = 8 ou 9);1981;;5;Amiante;;;
PRODUCT;CIB;VETISOL VENTEL;10/1986;;;;;;
Plan;ETERNIT;VULCAL;06/1996;;3;Chrysotile;;;
Panneau;JOHNS-MANVILLE SA;WALLBOARD;02/1979;;3;Amiante;;;
PRODUCT;MANVILLE DE FRANCE;WALLBOARD;11/1977;;;;;;
PRODUCT;BITULAC;ALWAYS ELASTIC H;1994;;1;Chrysotile;;;
PRODUCT;BITULAC;ALWAYS ELASTIC M;1994;;1;Chrysotile;;;
PRODUCT;BITULAC;ALWAYS ELASTIC P;1994;;1;Chrysotile;;;
PRODUCT;BITULAC;ARVYL HB FINITION;1995;;5;Chrysotile;;;
PRODUCT;BITULAC;ARVYL HB INTERMEDIAIRE;1995;;5;Chrysotile;;;
Joint Bitumineux;BITUMastic;BITUJOINT;environ 1991;;1;Amiante;;;Joint
PRODUCT;BITULAC;BITULATEX 583;1994;0,1;Chrysotile;;;;
PRODUCT;BITULAC;BITULATEX 583 101 S;1986;;5;Chrysotile;;;
PRODUCT;BITULAC;BITULATEX 583 HPE;1994;;5;Chrysotile;;;
PRODUCT;BITULAC;BITULATEX 684 2E;1995;;5;Chrysotile;;;
PRODUCT;BITULAC;BITULATEX 684 R;1987;;5;Chrysotile;;;
PRODUCT;BITULAC;BITULATEX 684 TI;1995;;5;Chrysotile;;;
PRODUCT;BITULAC;BITULATEX 684 TR;1995;;1;Chrysotile;;;
PRODUCT;BITULAC;BITULATEX STANDARD;1994;;1;Chrysotile;;;
PRODUCT;BITULAC;BITULATEX STANDARD CIMENT EP;1983;;5;Chrysotile;;;
PRODUCT;BITULAC;BITULATEX STANDARD EP;1985;;5;Chrysotile;;;
PRODUCT;BITULAC;BITULATEX STANDARD N° 2;1981;;5;Chrysotile;;;
PRODUCT;BITULAC;BITULATEX STANDARD VP;1983;;5;Chrysotile;;;
Enduit bitumineux;BITUMastic;BITUMastic CF;environ 1991;;1;Amiante;;;Enduit
Enduit bitumineux;BITUMastic;BITUMastic CFi;environ 1991;;1;Amiante;;;Enduit
Etanchéité;BITUMastic;BITUMAT;environ 1991;;1;Amiant;;;
Peinture;BITULAC;BITUSEALAC EG;1983;;5;Chrysotile;;;
Peinture;BITULAC; BITUSEALAC KS;KS IMPRESSION;1994;;1;Chrysotile;;
Peinture;BITULAC;BITUSEALAC SPC;1995;;1;Chrysotile;;;
Peinture;BITULAC;BITUSEALAC SR;1985;;5;Chrysotile;;;
Peinture;BITULAC;BITUSEALAC SR IMPRESSION;1985;;5;Chrysotile;;;
Peinture;BITULAC;BITUSEALAC STANDARD;1994;;1;Amiante;;;
Peinture;BITULAC;BITUSEALAC STANDARD IMPRESSION;1994;;1;Chrysotile;;;
PRODUCT;BITUMastic;BITUMastic;;;;;;;
PRODUCT;EURIDEP;BITUVINYL;;;;;;;
Peinture;EURIDEP;BITUVINYL 571/70;environ 1985;;7;Amiante;;;
PRODUCT;BLACKSON;BLACKSON HP NOIR;1981;3;Amiante;;;;
PRODUCT;STE CAOUREP;CAOUREP LM 77 77;;;;;;;
Liant;BITUMastic;COLISOL;environ 1991;1;Amiante;;;;
Béton bitumineux;SCREG;COMPOFLEX;09/1995;;1;Chrysotile;;;
Béton Bitumineux;SCREG;DRAINOFLEX;09/1995;;1;Chrysotile;;;
PRODUCT;BITUMES SPECIAUX;ENDOKOTE;;;;;;;
PRODUCT;BITUMES SPECIAUX;ENDOKOTE 465.92;02/1995;;1;Amiante;;;
Enduit bitumineux;BITUMastic;ENDUIT 360 P;environ 1991;;1;Amiante;;;Enduit
Enduit;TREMCO FRANCE (TRMCO ROOFING);ENDUIT BITUME ARME (BURMastic GLASS PLY);1994;;1;Amiante;;;
Enduit bitumineux;BITUMastic;ENDUIT R 10 AC;environ 1991;;1;Amiante;;;Enduit
Enduit bitumineux;BITUMastic;ENDUIT RR 25 WB;environ 1991;;1;Amiante;;;Enduit
Enduit;BITULAC;ENDUIT SL 10 VT;1995;;1;Chrysotile;;;
Enduit;BITULAC;ENDUIT TARPOX 1000 PA;1995;;1;Chrysotile;;;
PRODUCT;ETERNIT;ETER ROC CS;;;;;;;
Etanchéité;ETANCHEITE TEC. NOUV. APP. EMFI;ETILANE;06/1989;;3;Amiante;;;
PRODUCT;EVERITUBE;EVERMETIC;04/1984;;;;;;
PRODUCT;PONT A MOUSSON;EVERMETIC L;;;;;;;
Bitume;TREMCO;FIBERMAT;06/1994;;1;Chrysotile;;;
PRODUCT;BITUMES SPECIAUX;ISOLARM IGN MANUELL;;;;;;;
PRODUCT;BITUMES SPECIAUX;INSONARM 276.05;04/1995;;1;Amiante;;;
Enduit;BITUMES SPECIAUX;INSOLARM IGN 671.50 AIRLESS;07/1986;;1;Amiante;;;
Enduit;BITUMES SPECIAUX;INSOLARM IGN 671.50 MANUEL;07/1990;;1;Amiante;;;
Enduit;BITUMES SPECIAUX;INSOLARM IGN 671.50 PATEUX;11/1990;;1;Amiante;;;
Enduit;BITUMES SPECIAUX;INSOLARM IGN 671.65 ALU;02/1991;;1;Amiante;;;
Enduit;BITUMES SPECIAUX;INSOLARM IGN 671.65 MANUEL;07/1990;;1;Amiante;;;
Enduit;BITUMES SPECIAUX;PATEUX;07/1990;;1;Amiante;;;
PRODUCT;BITUMastic;INSONASTICS;environ 1991;;1;Amiante;;;
PRODUCT;BITULAC;POXECOAT PK 6 T1;1995;;1;Chrysotile;;;
PRODUCT;BITULAC;POXECOAT PK 6 T2;1994;;1;Chrysotile;;;
PRODUCT;BITULAC;POXECOAT PPA;1995;;1;Chrysotile;;;
PRODUCT;BITULAC;POXECOAT ST 6;1995;;1;Chrysotile;;;
PRODUCT;BITULAC;POXETANE 76;1995;;1;Chrysotile;;;
PRODUCT;BITULAC;POXETANE 160/02;1995;;1;Chrysotile;;;
PRODUCT;BITULAC;POXETANE EY FM;1995;;1;Chrysotile;;;
PRODUCT;BITULAC;POXETANE EY FM IMPRESSION;1995;;1;Chrysotile;;;
PRODUCT;BITULAC;POXETANE EY FM IMPRESSION CZ;1984;;5;Chrysotile;;;
PRODUCT;BITULAC;POXETAR ETP;1995;;5;Chrysotile;;;
PRODUCT;BITULAC;POXETAR STANDARD;1995;;1;Chrysotile;;;
PRODUCT;BITULAC;POXOLITH PK MA;1995;;1;Chrysotile;;;
PRODUCT;BITULAC;REVEPOXOL AL;1995;;1;Chrysotile;;;
PRODUCT;BITULAC;REVEPOXOL MA;1983;;5;Chrysotile;;;
Adhésif bitumineux;SEA;;1980;;5;Chrysotile;;;
Adhésif bitumineux;SB 112;1980;;5;Chrysotile;;;;
Adhésif bitumineux;SB 113;1980;;5;Chrysotile;;;;
PRODUCT;BITULAC;TARPOCOLOR 01 FINITION;1995;;1;Chrysotile;;;
PRODUCT;BITULAC;TARPOCOLOR 01 IMPRESSION;1995;;1;Chrysotile;;;
Peinture;BITULAC;TARPOX 150 SS 30 PA;1984;;5;Chrysotile;;;
Peinture;BITULAC;TARPOX 150 SS 40 PA;1995;;1;Chrysotile;;;
Peinture;BITULAC;TARPOX 160 KM;08/1995;;1;Chrysotile;;;
Peinture;BITULAC;TARPOX 1000 PA;1995;;1;Chrysotile;;;
Peinture;BITULAC;TARPOX 1000 EV;1995;;1;Chrysotile;;;
Bois;;Bois;1945;;;;;;
Métal;;Métal;1945;;;;;;
sapin;;sapin;1945;;;;;;
chene;;chene;1945;;;;;;
FIBROCIMENT;;FIBRO CIMENT;1997;;;;;;
